<?xml version="1.0" encoding="UTF-8" standalone="no"?><author id="170419e7-3440-41e1-8022-13c750a79f49" lang="es">
	<document><![CDATA[Mis compromisos con la Huasteca: infraestructura carretera y fortalecimiento del Programa Oportunidades http://t.co/lWAKMrrU		]]></document>
	<document><![CDATA[Hoy, con los niños de la escuela de los Voladores de Papantla  http://t.co/SkoqlKkK		]]></document>
	<document><![CDATA[@username Todos los compromisos estatales que he firmado a la fecha, los puedes encontrar en esta dirección: http://t.co/g3fGAdf6		]]></document>
	<document><![CDATA[@username Gracias por tu apoyo,un saludo.		]]></document>
	<document><![CDATA[@username Un cambio con rumbo, eso es lo que el país requiere. Saludos.		]]></document>
	<document><![CDATA[@username La realidad de la frontera norte es dura,pero estoy comprometido a que esto cambie. Saludos.		]]></document>
	<document><![CDATA[@username Estoy muy entusiasmado de ir a Nuevo León. Espero verlos ahí.		]]></document>
	<document><![CDATA[@username Impresionante la visita hoy a Tantoyuca, la disfruté mucho. Saludos.		]]></document>
	<document><![CDATA[Hoy y mañana se celebra en Cartagena de Indias,Colombia, la VI Cumbre de las Américas, en la que participan 34 Jefes de Estado y de Gobierno		]]></document>
	<document><![CDATA[Esta es una gran oportunidad para avanzar en el reto de integrar las regiones de nuestro continente. Aquí mi reflexión http://t.co/fddV6q2H		]]></document>
	<document><![CDATA[Acompañando a @username en su arranque de campaña (@username Guanajuato, Guanajuato) http://t.co/nzvYXBSY		]]></document>
	<document><![CDATA[¡Todo nuestro apoyo a @username! (@username Cuernavaca, Morelos w/ 3 others) http://t.co/7RpuXG3k		]]></document>
	<document><![CDATA[Estado de leyendas, Guanajuato. http://t.co/aO5u14X4		]]></document>
	<document><![CDATA[Un gusto acompañar este domingo a los próximos Gobernadores de Guanajuato y Morelos, en sus arranques de campaña.		]]></document>
	<document><![CDATA[Estoy seguro que construiremos un nuevo rostro para ambos estados y para México. Enhorabuena y éxito @username y @username		]]></document>
	<document><![CDATA[Los invito a ver dos videos sobre mi gestión como gobernador del Edomex, que en breve, se transmitirán por televisión http://t.co/mT0WX2FY		]]></document>
	<document><![CDATA[Hace 6 años, México se vio dividido por campañas sucias que sólo lograron la confrontación. Hoy no queremos eso. No voy a dividir a México.		]]></document>
	<document><![CDATA[Al encuentro con el Consejo Nacional Empresarial Turístico (@username Club de Industriales w/ 3 others) http://t.co/RcAoflPG		]]></document>
	<document><![CDATA[El turismo es una ventana de oportunidad que promoveré al máximo. Así lo reafirmé frente al Consejo Nacional Empresarial Turístico.		]]></document>
	<document><![CDATA[Ante la necesidad de un nuevo impulso al Acuerdo Nacional por el Turismo, mi propuesta para detonarlo en México http://t.co/WFIU7dTA		]]></document>
	<document><![CDATA[Continuaremos haciendo una campaña de compromisos que logre lo que México anhela: un cambio #NoVoyADividirAMéxico http://t.co/bRaLftZ5		]]></document>
	<document><![CDATA[Foro Económico Mundial sobre América Latina 2012 (@username Puerto Vallarta) http://t.co/B7999L9S		]]></document>
	<document><![CDATA[Al encuentro con estructuras del estado (@username Nayarit) http://t.co/FFmZN1DA		]]></document>
	<document><![CDATA[Gracias a los directivos y representantes del Foro Económico Mundial sobre América Latina, por la invitación extendida esta mañana.		]]></document>
	<document><![CDATA[Como lo aseguré hoy, mi compromiso será impulsar cambios estructurales para crecer económicamente y generar empleos en nuestro país.		]]></document>
	<document><![CDATA[Este es el decálogo que he venido postulando como parte de las medidas para mejorar la calidad de vida de la población http://t.co/F5toDDwR		]]></document>
	<document><![CDATA[Todo mi afecto y agradecimiento a la gente de la costa de Jalisco y Nayarit, con quienes tuve la oportunidad de reunirme esta tarde		]]></document>
	<document><![CDATA[Como Presidente de la República, trabajaré para que ambos estados cuenten con proyectos económicos que les permitan crecer.		]]></document>
	<document><![CDATA[En Puerto Vallarta, me comprometí a la construcción de una terminal portuaria y del libramiento vehicular de la zona http://t.co/srMxruNi		]]></document>
	<document><![CDATA[En mi encuentro con el sector turístico, me comprometí a mejorar la conectividad de nuestros destinos http://t.co/3ik6uTwk		]]></document>
	<document><![CDATA[Celebro la oportunidad de haberme encontrado esta tarde con el Presidente del Gobierno de España, @username		]]></document>
	<document><![CDATA[Un productivo diálogo sobre la situación mundial y el futuro de las relaciones México-España. http://t.co/WOkl7jzF		]]></document>
	<document><![CDATA[Al recordar el Holocausto, la humanidad reconoce la importancia de la tolerancia y el entendimiento así como el peligro de incitar al odio.		]]></document>
	<document><![CDATA[Octavio Paz, ejemplo de sensibilidad y talento, de sentido crítico y profundo amor a México. Hoy se cumplen 14 años de su partida.		]]></document>
	<document><![CDATA[Gracias @username y a TV UNAM, por la gran entrevista que será transmitida próximamente.		]]></document>
	<document><![CDATA[La CONCANACO es una institución que, desde su origen, contribuye al desarrollo nacional, y está formada por más de 650 mil empresas.		]]></document>
	<document><![CDATA[Este organismo empresarial es clave para el crecimiento de México, agradezco la invitación de hoy a su 96 Asamblea Ordinaria.		]]></document>
	<document><![CDATA[Ahí me comprometí a crear el Instituto Nacional del Emprendedor para el crédito, formación y capacitación de los emprendedores.		]]></document>
	<document><![CDATA[Antiguo Colegio de San Ildefonso, en entrevista con TV UNAM http://t.co/BKDYUbRQ		]]></document>
	<document><![CDATA[Al Consejo Nacional Ordinario de la CROC (@username San Jose Del Cabo) http://t.co/cjkmzDmk		]]></document>
	<document><![CDATA[Mi más sentido pésame a los seres queridos de quienes fallecieron en el trágico accidente carretero en el Norte de Veracruz.		]]></document>
	<document><![CDATA[Hace 42 años, un visionario grupo de pioneros fundó el gran polo turístico que hoy es Cancún, orgullo de todo México http://t.co/mTFG8cTb		]]></document>
	<document><![CDATA[Fue un gusto saludar esta mañana, a los integrantes de la CROC, reunidos en Baja California Sur.		]]></document>
	<document><![CDATA[Ante ellos, reafirmé mi compromiso de lograr que México transite por el camino del crecimiento acelerado y sostenido.		]]></document>
	<document><![CDATA[Un país dividido se debilita y no avanza, por eso #YoNoVoyADividirAMéxico http://t.co/GgYpHPzz		]]></document>
	<document><![CDATA[#YoNoVoyADividirAMéxico http://t.co/hga2jOpA		]]></document>
	<document><![CDATA[¡Vengo a comprometerme con este próspero estado! (@username Aguascalientes) http://t.co/vFmlIif8		]]></document>
	<document><![CDATA[Estoy muy agradecido con la sociedad de Aguascalientes, por la recepción de este sábado.		]]></document>
	<document><![CDATA[Como me comprometí hoy, con el esfuerzo de todos, vamos a consolidar a Aguascalientes como una entidad próspera y segura.		]]></document>
	<document><![CDATA[Conoce los compromisos que firmé con Aguascalientes para generar empleos y tener más salud http://t.co/W0aDQ9hp		]]></document>
	<document><![CDATA[¡Gracias, Aguascalientes!  http://t.co/CdpgpCpq		]]></document>
	<document><![CDATA[¡Nuevo León, tierra de emprendedores! (@username Arena Monterrey w/ 17 others) http://t.co/NwjSmhQW		]]></document>
	<document><![CDATA[El cambio climático es un reto global que sociedad y gobierno debemos enfrentar juntos #DíaMundialDeLaTierra.		]]></document>
	<document><![CDATA[Es necesaria una nueva cultura ambiental, un compromiso verde, que reduzca el impacto de nuestras actividades diarias en el planeta.		]]></document>
	<document><![CDATA[A propósito del #DíaMundialDeLaTierra, les comparto esta reflexión: 5 transformaciones en nuestro modelo de desarrollo http://t.co/KwnToYcG		]]></document>
	<document><![CDATA[Muchas gracias a la gente de Nuevo León, por recibirme nuevamente en su gran estado. http://t.co/4Rbqc6zS		]]></document>
	<document><![CDATA[Gracias a los jóvenes que me acompañaron en la Arena Monterrey, por sumarse al proyecto de cambiar a México.		]]></document>
	<document><![CDATA[Mi compromiso es que Nuevo León recupere la certidumbre y la paz, que su población disfrute de una mayor calidad de vida.		]]></document>
	<document><![CDATA[Con estos objetivos en mente, hoy firmé tres compromisos con Nuevo León http://t.co/qIwRPshr		]]></document>
	<document><![CDATA[@username Te agradezco, gobernador, por todas tus atenciones el día de ayer. Abrazo.		]]></document>
	<document><![CDATA[@username Gracias, gobernador, por la gran recepción del día de hoy y por tus palabras. Un abrazo.		]]></document>
	<document><![CDATA[@username Gracias por tu mensaje, nos veremos muy pronto. Saludos.		]]></document>
	<document><![CDATA[@username Gracias por mandarla.		]]></document>
	<document><![CDATA[@username El placer es siempre mío. Vamos a seguir trabajando para cambiar México.		]]></document>
	<document><![CDATA[@username Gracias por el apoyo y compartir la foto. Saludos.		]]></document>
	<document><![CDATA[Instalación del Consejo Consultivo Empresarial (@username Club Piso 51) http://t.co/Ms9e7J9P		]]></document>
	<document><![CDATA[La transformación que México necesita no es tarea de un solo partido, es un proyecto común que nos convoca a todos.		]]></document>
	<document><![CDATA[Gracias a los empresarios que han decidido sumarse al esfuerzo para impulsar una nueva era de crecimiento para México. http://t.co/El5wRcZo		]]></document>
	<document><![CDATA[Esta mañana, me comprometí frente a ellos a la creación del Consejo Consultivo Empresarial http://t.co/ulRpbdZs		]]></document>
	<document><![CDATA[En estos momentos por TV UNAM se transmite la entrevista que amablemente me hizo @username.		]]></document>
	<document><![CDATA[Mi reconocimiento al Senado por la aprobación en comisiones de la Ley General de Víctimas, en favor de su reparación integral.		]]></document>
	<document><![CDATA[Gracias por la invitación de esta tarde a la presentación de "Futuro para todos. Acciones inmediatas para México"		]]></document>
	<document><![CDATA[Una obra como esta, demuestra la plena disposición para apoyar a México en un momento en el que necesita soluciones y no críticas.		]]></document>
	<document><![CDATA[Un gobernante democrático, sabe escuchar. Por eso, es enriquecedor compartir proyectos para hacer mejor las cosas.		]]></document>
	<document><![CDATA[Enhorabuena al Dr. Claudio Loser y a Harinder Kohli, por este valioso trabajo a favor del futuro de México.		]]></document>
	<document><![CDATA[Este es un recuento de los compromisos que he firmado hasta hoy: los primeros 26 días de campaña http://t.co/4gKDAXRx		]]></document>
	<document><![CDATA[Encuentro con la sociedad tabasqueña (@username Villahermosa, Tabasco) http://t.co/SOQLL6qo		]]></document>
	<document><![CDATA[Gran ambiente y entusiasmo vivimos esta tarde en Tabasco, estado que vuelve a estar de pie cada año, gracias a su gente.		]]></document>
	<document><![CDATA[Los recursos hídricos de este Estado deben ser una riqueza y no una amenaza. Los tabasqueños no pueden volver a pasar por lo mismo.		]]></document>
	<document><![CDATA[#MiCompromisoconTabasco es un Plan Hidrológico para proteger a la población de inundaciones y aprovechar mejor el agua.		]]></document>
	<document><![CDATA[Me comprometo también a impulsar una Reforma Energética que disminuya las tarifas eléctricas en favor de la población http://t.co/jrpGj6qT		]]></document>
	<document><![CDATA[¡Gracias, Tabasco! http://t.co/FDHmiDxz		]]></document>
	<document><![CDATA[Mi encuentro con productores del campo (@username Calpulalpan) http://t.co/0DzceGf7		]]></document>
	<document><![CDATA[Agradezco el afecto y hospitalidad con que fui recibido esta tarde en Tlaxcala, me hicieron sentir en casa.		]]></document>
	<document><![CDATA[En esta tierra de gente noble, me reuní con mujeres y hombres trabajadores del campo y del sector manufacturero.		]]></document>
	<document><![CDATA[Vamos a sumar esfuerzos para devolverle al campo su grandeza, para que los productores y sus familias tengan un ingreso digno.		]]></document>
	<document><![CDATA[Mi compromiso: todas las jefas de familia contarán con un seguro de vida que proteja a sus hijos en caso de que falten http://t.co/aWsoRJXt		]]></document>
	<document><![CDATA[Gracias por este detalle a las mujeres trabajadoras de la planta textil en Tlaxcala  http://t.co/SNnaXovu		]]></document>
	<document><![CDATA[¡Es un gusto encontrarme con la juventud poblana! (@username Puebla, Puebla) http://t.co/oHj7wA1g		]]></document>
	<document><![CDATA[Un placer asistir aquí en Puebla, al primer Encuentro por el Futuro de México organizado por la Fundación Colosio http://t.co/s5tA6EO7		]]></document>
	<document><![CDATA[Aquí pueden seguir la transmisión del evento de @username en vivo http://t.co/rrf1R0Mi		]]></document>
	<document><![CDATA[El país tiene una gran deuda con sus jóvenes. Es tiempo de un gobierno que los sume y que los tome en cuenta.		]]></document>
	<document><![CDATA[Hoy, frente a la juventud poblana, me comprometí a aumentar al menos a 45% la cobertura en Educación Superior http://t.co/USUyeQX8		]]></document>
	<document><![CDATA[Así mismo, con la histórica ciudad de Puebla me comprometí a la construcción del viaducto elevado sobre la autopista México-Veracruz.		]]></document>
	<document><![CDATA[En Puebla también comprometí la modernización del Anillo Periférico Ecológico y la construcción de una ciclopista. 		]]></document>
	<document><![CDATA[Cada historia de éxito, cada sueño cumplido, hace más grande a México. Juntos haremos de todos estos compromisos, una realidad.		]]></document>
	<document><![CDATA[Les comparto escenas de una de nuestras giras más emotivas de esta semana. Esto es Tabasco, esta es su gente: http://t.co/lOFmLtPV		]]></document>
	<document><![CDATA[@username gracias por el cálido recibimiento. Saludos.		]]></document>
	<document><![CDATA[@username ahí nos vemos mañana y gracias por el apoyo.		]]></document>
	<document><![CDATA[@username Muchas gracias. Seguiré trabajando por México.		]]></document>
</author>