<?xml version="1.0" encoding="UTF-8" standalone="no"?><author id="1b5188b2-904f-4ea7-8116-e4616477d60b" lang="es">
	<document><![CDATA[Las tecnologías ecoeficientes, la redefinición de la "calidad", la actividad en redes sociales...  http://t.co/7Uo2qe1h		]]></document>
	<document><![CDATA[RT @username Royal Air Maroc cambia su política de equipajes: hasta 69 kilos gratis http://t.co/kQm01BPT		]]></document>
	<document><![CDATA[RT @username Falsear un perfil en una #redsocial puede constituir hasta un delito tipificado en el Código Penal. http://t.co/lDMQ9SL1”		]]></document>
	<document><![CDATA[RT @username En esta vida hay dos formas de hacer las cosas: por elección o por eliminación. Yo he elegido la opción 1 =) Me gusta!! ;)		]]></document>
	<document><![CDATA[@username Gracias.Buen fin de semana!		]]></document>
	<document><![CDATA[RT @username  Echarle un vistazo a esta pagina:http://t.co/ZceKAfwI tiene algunos articulos bastante interesantes Es muy interesante.Gracias		]]></document>
	<document><![CDATA[@username @username Desgraciadamente, conozco pocos hoteles que lo hagan. Genial por los que apuestan por ello! :)		]]></document>
	<document><![CDATA[http://t.co/IK5eNZho Muy bien hecho. A la velocidad que avanza todo, no me extrañaría ver pronto cosas asi en nuestras casas...		]]></document>
	<document><![CDATA[@username Gracias!		]]></document>
	<document><![CDATA[@username Feliz finde para ti también!		]]></document>
	<document><![CDATA[RT @username El marketing online no entiende de empresas, sino de estrategias		]]></document>
	<document><![CDATA[@username Hemos ganado el premio a "mejor imagen web" en los #PremiosGranHotel !!! Enhorabuena!		]]></document>
	<document><![CDATA[@username Gracias! Buen fin de semana :)		]]></document>
	<document><![CDATA[RT @username Instalan rampas deslizantes en Mexico DF para personas con movilidad reducida. Los llamados países en "vías de...		]]></document>
	<document><![CDATA[@username Jajaja, ya que va uno a comprar, aprovecha... :P		]]></document>
	<document><![CDATA[RT @username @username recibe el galardon Tri Award por su por su modelo de negocio sostenible" http://t.co/uRrKHWh0 Enhorabuena		]]></document>
	<document><![CDATA[RT @username Como dijo @username "Se auténtico, a nadie le gustan las flores de plástico" y por desgracia, vivimos entre demasiadas		]]></document>
	<document><![CDATA[RT @username  #MeliaHotels ahorra tres millones de euros con su proyecto medioambiental SAVE" http://t.co/neXmRDl0 #ecologico		]]></document>
	<document><![CDATA[@username Gracias Juan Miguel!		]]></document>
	<document><![CDATA[@username He estado ojeando tu blog y tengo que decir que #meencanta :) Su contenido sobre todo!		]]></document>
	<document><![CDATA[@username Sí, me la mandó @username  Ahora todo el mundo se está buscando las "habichuelas" como puede... :S		]]></document>
	<document><![CDATA[@username Gracias a ti por ser todo un ejemplo :)		]]></document>
	<document><![CDATA[@username Me he quedado con ganas de "TweetClass" jaja Tu voz nos lo hubiera agradecido... :P jaja A q si? @username @username		]]></document>
	<document><![CDATA[@username @username #Señores! Tengo "noticia del día" de Yield y no sé q os voy a contar! Me dais #TweetsIdeas? :P		]]></document>
	<document><![CDATA[http://t.co/UtdlcAc1 Ved esto.Q la tecnología evolucione no solo para fines meramente comerciales sino para hacernos todo más fácil a TOD@username		]]></document>
	<document><![CDATA[@username Mañana me la cuentas, no? :) Mientras sigo preparando la exposición de #Yield, q espero os guste!		]]></document>
	<document><![CDATA[@username Ey! Está genial. Voy a hacer un "mix" con las noticias q ya había buscado y con esa. A ver q sale... :P GRACIAS!		]]></document>
	<document><![CDATA[RT @username Nuevo Gobierno, ¿nuevo turismo? http://t.co/XE6gXqyl @username @username @username @username @username		]]></document>
	<document><![CDATA[Preguntaré en #FNAC @username YO 2.0 -Dan Schawbel. Libro para aprovechar el potencial de los medios sociales Hay que comprarlo ya! :)		]]></document>
	<document><![CDATA[@username Gracias!		]]></document>
	<document><![CDATA[@username @username Jajaja, si suspendo alguna ya sé a quién echarle la culpa! :P jajaja		]]></document>
	<document><![CDATA[@username  Te suena del día de la fabada?  "¿Nos esforzamos para salir de la crisis? Vamos a tomar unas cañas y lo hablamos"		]]></document>
	<document><![CDATA[RT @username Chefs de primer nivel, en el Encuentro Internacional de Cocina del Mediterráneo #CIOMIJAS http://t.co/749izibg #Andalucía		]]></document>
	<document><![CDATA[@username Saludo Manuel!		]]></document>
	<document><![CDATA[RT @username ¿Cómo responden las empresas a las quejas de sus clientes en la red?: Muchas empresas siguen haciendo oídos sord...		]]></document>
	<document><![CDATA[Ved la página de @username Qcapacidad para expresar con palabras los sentimientos y acciones humanas :) Genial!		]]></document>
	<document><![CDATA[@username jaja! Y lo baratito qse come allí!		]]></document>
	<document><![CDATA[@username Saludos!		]]></document>
	<document><![CDATA[@username Me gusta vuestra "biografía"! Seguimos en contacto. Saludos!		]]></document>
	<document><![CDATA[RT @username "Si no despertamos con la utopia, nos dormiremos con la realidad"  @username en #EmprendeSur11 Da para pensar...		]]></document>
	<document><![CDATA[#EmprendeSur11 Cuántas cosas nos han enseñado hoy @username @username @username @usernameópez @username GRACIAS!		]]></document>
	<document><![CDATA[RT  @username Impresionante ponencia de @username en #EmprendeSur11 @username @username @username		]]></document>
	<document><![CDATA[RT @username Tristeza, miedo, rabia, alegria. #emociones asociadas al cambio. Las #emociones intervienen en las decisiones #emprendesur11		]]></document>
	<document><![CDATA[@username Cuánta razón! Me ha encantado el día en #empredesur11		]]></document>
	<document><![CDATA[RT @username Recetas contra la estacionalidad: ¿cuál es el futuro turístico de la Costa del Sol?		]]></document>
	<document><![CDATA[Q día más bueno hemos echado, no? @username  @username @username @username @username Ahora a estudiar! :P		]]></document>
	<document><![CDATA[RT "@username: Reputación online, un aspecto imprescindible para las empresas del sector viajes y turismo http://t.co/mBtS2RKV"		]]></document>
	<document><![CDATA[@username Saludos Agustín		]]></document>
	<document><![CDATA[RT "@username  Otra playa accesible e inclusiva con todos los servicios que podáis imaginar http://t.co/pF5xr2Aw"		]]></document>
	<document><![CDATA[@username Gracias Dani! He echado un vistazo... y voy a seguirlo! :)		]]></document>
	<document><![CDATA[RT @username Nuevo post: Fin de año en…Berlín		]]></document>
	<document><![CDATA[RT "@username "Si no vives como piensas acabarás pensando en cómo vives" Así que todo el mundo de birras ya :)"		]]></document>
	<document><![CDATA[RT " @username No tenemos el suficiente tiempo en esta vida para desperdiciarlo en ser amargados"		]]></document>
	<document><![CDATA[@username Como siempre, un placer		]]></document>
	<document><![CDATA[@username Para decir que no es fácil ser Blogger de Viajes, no lo llevas nada mal... :) Saludos!		]]></document>
	<document><![CDATA[@username Buenas noches!!		]]></document>
	<document><![CDATA[RT "@username “@username: La vida es fascinante: sólo hay que mirarla a través de las gafas correctas.~A. Dumas!"		]]></document>
	<document><![CDATA[RT @username Fitur green propone el ahorro energético para lograr la sostenibilidad hotelera" ( http://t.co/iLZj1Lpx )		]]></document>
	<document><![CDATA[RT @username #Jaén promociona su 'paraíso interior' en los cines del país http://t.co/2nhjxFL4 #Andalucía #Turismo		]]></document>
	<document><![CDATA[RT @username Regulación de lengua de signos en Andalucía. Supondrá incremento de servicios y profesionales http://t.co/rbmmXpwZ		]]></document>
	<document><![CDATA[@username Saludos!		]]></document>
	<document><![CDATA[@username Por supuesto! Bienvenido serás!		]]></document>
	<document><![CDATA[RT @username "Más allá de los números: un llamamiento por la justicia social, económica y climática en el turismo” http://t.co/iZmc9nPt		]]></document>
	<document><![CDATA[RT"@username:Taller creativo para estudiantes de Escuelas de #Hostelería #Andalucía. Participa hasta el 15 de enero http://t.co/qpMEH5Am"		]]></document>
	<document><![CDATA[RT"@username: "Tú como yo",concurso de piezas audiovisuales por la inclusión soc. El público espera los premios en @username..."		]]></document>
	<document><![CDATA[@username @username @username Saludos! Feliz fin de semana! :)		]]></document>
	<document><![CDATA[RT @username @username Hoy se presenta el informe "#Sostenibilidad en España 2011 http://t.co/0bGS5IHE "		]]></document>
	<document><![CDATA[RT Un #FF muy especial a @username y @username x su creatividad y participación en cualquier proyecto útil x el alumnado de #CIOMIJAS		]]></document>
	<document><![CDATA[@username Enhorabuena! Q acción más bonita :) Seguid asi!		]]></document>
	<document><![CDATA[@username @username A #talentos que ponen #pasión es fácil escucharlos :) Gracias! Mejórate pronto :)		]]></document>
	<document><![CDATA[Guau! Mil gracias @username  Sabes q tienes una #amigaciomijeña para siempre.		]]></document>
	<document><![CDATA[@username Mil gracias! Igualmente!! Disfruta del finde :)		]]></document>
	<document><![CDATA[http://t.co/FUGaHltx  @username A darle caña al curso! jaja		]]></document>
	<document><![CDATA[http://t.co/g0xW3t7I Firmad para que no se "carguen" una de las pocas cosas bonitas que nos quedan...		]]></document>
	<document><![CDATA[@username @username  Jaja! Q primores! :) Se echará de menos este añito y pico en #CIOMIJAS :(		]]></document>
	<document><![CDATA[Un saludo a los nuevos followers! @username @username Feliz puente si lo tenéis!		]]></document>
	<document><![CDATA[@username Mira lo que dice @username "Si eres capaz de soñarlo... eres capaz de hacerlo" Asi que ve preparandote para tu #hotel		]]></document>
	<document><![CDATA[@username Día del #Voluntariado. Las satisfacciónes y los problemas de quienes viven esta experiencia http://t.co/H4seSqJN		]]></document>
	<document><![CDATA[RT @username Ideas para aprovechar mejor la ropa en nuestros viajes, @username nos da su #consejo http://t.co/CjXwnFgk cc @username		]]></document>
	<document><![CDATA[@username #meencanta ! Gracias!		]]></document>
	<document><![CDATA[@username Gracias por el RT :)		]]></document>
	<document><![CDATA[http://t.co/pjtTuTGM Super #buenaidea ! Adiós al "¿Te vas?" para encontrar sitio en la #Universidad_Jaén jaja		]]></document>
	<document><![CDATA[Saludos! @username @username @username		]]></document>
	<document><![CDATA[@username Gracias!! :)		]]></document>
	<document><![CDATA[@username Gracias! Ya sabes que #meencantan estas cosas :)		]]></document>
	<document><![CDATA[@username Gracias!! Sí, algún que otro comercial hay por ahí... jaja Esperamos que os gusten los #proyectosGH5 Nos vemos el viernes!		]]></document>
	<document><![CDATA[@username Gracias por el RT		]]></document>
	<document><![CDATA[@username @username @username  Qué ganas pero también ¡ qué nervios! :)		]]></document>
	<document><![CDATA[http://t.co/Kkdwl6cD Qlistos estos de #CocaCola ! :)		]]></document>
	<document><![CDATA[@username Todo eso hace referencia al término #obsolescenciaprogramada q tantas empresas utilizan... Triste pero cierto		]]></document>
	<document><![CDATA["La integración enriquecerá tu vida" by #ONCE Muy buenos anuncios :)		]]></document>
	<document><![CDATA[@username Qué experiencia!! #meencanta		]]></document>
	<document><![CDATA[@username Gracias por vuestra asistencia y vuestros comentarios :)		]]></document>
	<document><![CDATA[Gracias @username ! El tribunal se portó muy bien! Tantos nervios para 5 min... :S Nos vemos el miércoles,no?		]]></document>
	<document><![CDATA[@username nos vemos en la #ciodespedida que has organizado! Gracias por todo!		]]></document>
	<document><![CDATA[Ay @username ! Cómo te voy a echar de menos!! Ya sabes que seremos #cioamigas siempre! :)		]]></document>
	<document><![CDATA[@username Sabía que tú no nos fallarías! jeje		]]></document>
	<document><![CDATA[@username @username La foto se hizo a traición! jaja! @username		]]></document>
	<document><![CDATA[RT "@username Nace http://t.co/O5HEHWDG, primer portal dedicado al empleo relacionado con el cuidado del medio ambiente" Genial!		]]></document>
	<document><![CDATA[@username Mejórate pronto! Yo por la tierra del #mejoraceitedelmundo ;)		]]></document>
</author>