<?xml version="1.0" encoding="UTF-8" standalone="no"?><author id="2a3c42e5-1217-49cd-8a89-7d6fa202c159" lang="es">
	<document><![CDATA[Indignada al escuchar Comunidad de Valencia o presidente de Valencia en ciertos medios de comunicación "nacionales". Comunidad Valenciana!		]]></document>
	<document><![CDATA[Las decisiones polémicas, tras las vacaciones.El #CGPJ aplaza a septiembre la decisión sobre la indemnización a #Dívar http://t.co/Qhk7nJ8y"		]]></document>
	<document><![CDATA[¿Es una redacción? ¿Es un café? ¡No! Es ambas cosas y ¡funciona! - http://t.co/kniMwSKs  http://t.co/CJR6lXNR vía @username #periodismo		]]></document>
	<document><![CDATA[Cómo una palabra mal utilizada en redes sociales hace tambalear la #reputación.En este caso,#Starbucks vía @username...		]]></document>
	<document><![CDATA[#Recomendable artículo sobre los parecidos y las diferencias entre el #CRM tradicional y el CRM social. vía @username http://t.co/k3ErTcNc		]]></document>
	<document><![CDATA[La campaña en #EEUU se prevé caliente.@username desbanca a @username como candidato que recauda más dinero http://t.co/qAg94byd		]]></document>
	<document><![CDATA[@username continúa a la suya. El parlamentario de #IU anuncia nuevos robos en supermercados vía @username http://t.co/jRJL99BY		]]></document>
	<document><![CDATA[Hay que tomar nota de la fórmula de #éxito de #Privalia,que ha plantado cara a la #crisis con 6 rondas de financiación http://t.co/SxPegbIk		]]></document>
	<document><![CDATA[Descubre si tu ‘start up’ resulta atractiva para los inversores #emprendedores http://t.co/fCqEhELB  vía @username		]]></document>
	<document><![CDATA[Los expertos ven ifícil lograr salvar a España e Italia a la vez #rescate #deuda. vía @username http://t.co/mYbYP2Yj		]]></document>
	<document><![CDATA[El logo de @username costó 1.000.000 dólares,mientras que @username no desembolsó para su logo ninguna cuantía. http://t.co/YdagCSyI		]]></document>
	<document><![CDATA[@username A gaudir de la festa!		]]></document>
	<document><![CDATA[A toro pasado,el gobierno restringirá la venta d #preferentes a particulares.Se exigirá una mínima inversión d 100.000€ http://t.co/UnvAZMVr		]]></document>
	<document><![CDATA["No vienen buenos tiempos, son buenos tiempos para carroñeros", #recomendable entrevista a Lydia Cacho en @username http://t.co/DdQRrmgT		]]></document>
	<document><![CDATA[¿Creéis que se aproxima el fin de la era 3.0?Ya vaticinan la 4.0,en la que el contenido de calidad se paga http://t.co/cwqpx2zr		]]></document>
	<document><![CDATA[Siguiendo la comparecencia de De #Guindos #consejodeministros		]]></document>
	<document><![CDATA[#Guindos se refiere al banco malo como sociedad de gestión de activos...#consejodeministros		]]></document>
	<document><![CDATA[La #CIA torturó a opositores de Muamar #Gadafi durante la Presidencia de #Bush http://t.co/7uyYvUsq vía @username		]]></document>
	<document><![CDATA["El banco malo europeo" #Recomendable artículo de Lorenzo Dávila en @username. http://t.co/K6teqo5u		]]></document>
	<document><![CDATA[#Facestagram es ya oficial: Facebook cierra la compra de la aplicación gratuita en mil millones de $ http://t.co/dLMx5ugJ vía @username		]]></document>
	<document><![CDATA[#LaSexta ya se está mudando a las oficinas de #Antena3 vía @username http://t.co/YMEm67qi #Televisión #España #comunicación		]]></document>
	<document><![CDATA[#LinkedIn, #Xing y #Viadeo: Diez recomendaciones para sacarles más partido http://t.co/EWyheSnO  vía @username		]]></document>
	<document><![CDATA[Iñaki #Urdangarín y la infanta Cristina cobraron un millón de euros de #Nóos vía @username #casareal http://t.co/7m1pIYPy		]]></document>
	<document><![CDATA[A #Ryanair no le gusta que “le toquen las narices” y vuelve a amenazar a Facua con llevarla a los tribunales http://t.co/MofdDIkP		]]></document>
	<document><![CDATA[#Fabra asegura que "hay empresas y grupos interesados" en el #aeropuerto de #Castellón http://t.co/2sCbz6Gx		]]></document>
	<document><![CDATA[@username Nunca se sabe, aunque teniendo en cuenta el perfil de @username es menor la probabilidad de que anuncie nuevas medidas		]]></document>
	<document><![CDATA[El Constitucional alemán rechaza el recurso contra de que el fondo de #rescate compre #deuda #Alemania http://t.co/1WhGVZn7 vía @username		]]></document>
	<document><![CDATA[Contra el nepotismo o cómo acabar con el lastre del #enchufismo. #Recomendable artículo, interesante propuesta de ley http://t.co/jtrj5Q1Z		]]></document>
	<document><![CDATA[¿Cómo buscar #empleo en las redes sociales?Claves y consejos para sacarles partido. http://t.co/UJlIH3jx vía @username  #Social #Media		]]></document>
	<document><![CDATA[@username Gracias por el RT.		]]></document>
	<document><![CDATA[@username Gracias por el RT.		]]></document>
	<document><![CDATA[@username Igualmente, Sara. Un saludo.		]]></document>
	<document><![CDATA[Lidiando con la 'Generación Z' de nativos digitales  http://t.co/nwPbgYdv ¿A partir de que año creéis que arranca la generación #digital?		]]></document>
	<document><![CDATA[Y sigue en sus trece RT @username: #Ryanair cree que su mala imagen la está creando el Gobierno Español http://t.co/rmWsOpeE		]]></document>
	<document><![CDATA[@username Guarda #Alemania, país con una exposición directa a la crisis europea de 310.000 millones de euros http://t.co/AKp1fFOX		]]></document>
	<document><![CDATA[El #BCE exige a #España unos presupuestos con "medidas ambiciosas" para lograr el ajuste http://t.co/LHgBhZgr ¿Qué más queda por recortar?		]]></document>
	<document><![CDATA[Un listado muy #recomendable  “@username: 99 ebooks gratuitos sobre Internet, #comunicación y #Social Media http://t.co/2AKL8NKT		]]></document>
	<document><![CDATA[@username Un listado muy interesante, gracias por compartirlo.		]]></document>
	<document><![CDATA[@username, muchas gracias por el #FF. Mantenemos el contacto		]]></document>
	<document><![CDATA[Los pilotos denuncian que #Ryanair lleva demasiado lejos el modelo 'low cost' http://t.co/DD8JFBV2  vía @username		]]></document>
	<document><![CDATA[Los #bancos rescatados mantienen las malas prácticas que llevaron a la #crisis, y el gobierno lo consiente... http://t.co/oQcVFC84		]]></document>
	<document><![CDATA[Los pilotos denuncian que #Ryanair lleva demasiado lejos el modelo 'low cost' http://t.co/ytGVNFJe  vía @username		]]></document>
	<document><![CDATA[@username @username Gracias por el RT. Saludos		]]></document>
	<document><![CDATA[@username dimite como presidenta de la Comunidad de #Madrid. Dice que "va a pasar a la segunda fila".		]]></document>
	<document><![CDATA[@username apuesta por @username, a quien considera trabajador e inteligente, como su sucesor.		]]></document>
	<document><![CDATA[@username: "He llegado a la conclusión de que este es el momento adecuado para dejarlo. No hay marcha atrás". #AguirreDimite		]]></document>
	<document><![CDATA[Sobre la fiesta de la rosa, @username asegura:Frialdad, ninguna.#Chacón es mi compañera y una magnífica diputada.#RubalcabaTVE		]]></document>
	<document><![CDATA[@username : si para pagar el #desempleo tuviera que incurrir en el déficit, lo haría...#RubalcabaTVE		]]></document>
	<document><![CDATA[#Apple roza los 700 dólares gracias a la acogida del #Iphone5. Vía @username http://t.co/4NMXtoE5		]]></document>
	<document><![CDATA[#Emprendedores a la fuerza  http://t.co/1kTfZF6T  vía @username		]]></document>
	<document><![CDATA[El Ejército Libre Sirio ofrece 19 millones a quien entregue a Al #Assad, sea vivo o muerto http://t.co/6H6nWruY  vía @username		]]></document>
	<document><![CDATA[¿Por qué te vas, por qué te alejas? @username http://t.co/JMhZuljO  vía @username #AguirreDimite		]]></document>
	<document><![CDATA[@username anuncia en @username que @username se incorpora como funcionaria a Turespaña tras su #dimisión http://t.co/itDscFJ9		]]></document>
	<document><![CDATA[@username asegura que logró que el Gobierno rebajase un 30% el céntimo verde al gas.Aún así,hachazo a la cerámica http://t.co/Y9vdDcBA		]]></document>
	<document><![CDATA[Las 50 personas más influyentes del mundo según Vanity Fair http://t.co/LnTxlOZx vía @username		]]></document>
	<document><![CDATA[#Telefónica e #Inditex, en el ranking de las 100 marcas más valiosas del mundo http://t.co/1Rzsz9zj  vía @username		]]></document>
	<document><![CDATA[Los parados de larga duración rozan ya los 3 millones, según Agett http://t.co/45Cvhxgf  vía @username #paro		]]></document>
	<document><![CDATA[#España sigue estando entre las potencias con mejor reputación en el G8 y se distancia de #Grecia e #Italia http://t.co/Fg6BlLzP...		]]></document>
	<document><![CDATA[Veinte aplicaciones móviles que te ayudan en tu #negocio vía @username http://t.co/CBSXEwsu #tecnología		]]></document>
	<document><![CDATA[@username Según el informe,España, si perteneciera al G8,sería el quinto país con mejor reputación, detrás de Canadá, Alemania, Japón y RU		]]></document>
	<document><![CDATA[@username Gastronomía, sí.España,en el top 10 de Ocio y entretenimiento,gente simpática y amable y contribución a la cultura global		]]></document>
	<document><![CDATA[#EEUU puede vetar el vuelo a viajeros desde #España a Cuba, Canadá y México  http://t.co/2UjYvJPL  vía @username		]]></document>
	<document><![CDATA[@username ¿Conoces el “puente del amor” de #Paris? http://t.co/NdUguScY		]]></document>
	<document><![CDATA[La prensa mundial mira a #Madrid  http://t.co/cZejl9m0 vía @username #25S #Congreso		]]></document>
	<document><![CDATA[Las #marcas, principales productoras de contenidos http://t.co/yhP35xOY  vía @username #branding		]]></document>
	<document><![CDATA[La #primaderiesgo, de nuevo, por las nubes. Crece la oresión sobre #Rajoy para que pida el #rescate http://t.co/VeP9zgTF vía @username		]]></document>
	<document><![CDATA[Dime en qué #marca quieres invertir y te diré si es rentable http://t.co/Tv1MbYmF  vía @username #franquicias		]]></document>
	<document><![CDATA[El examen a la #banca no despeja las dudas y crea malestar en el sector http://t.co/eUOjf4GT vía @username		]]></document>
	<document><![CDATA[El #IPhone5 de #Apple llega a #España http://t.co/s7Ue1sDU  vía @username		]]></document>
	<document><![CDATA[El robot #Curiosity halla pruebas de que #Marte albergó agua gracias a unos sedimentos http://t.co/Ql36Ibml vía @username		]]></document>
	<document><![CDATA[#SteveJobs humanizó la tecnología. Su objetivo era haver cosas simples y bonitas #DiscoveryMAX		]]></document>
	<document><![CDATA[El error de #Ikea al retirar de sus catálogos en Arabia Saudí la imagen de mujeres pasará factura a su imagen corporativa. No al machismo!		]]></document>
	<document><![CDATA[@username credibilidad y muestran nulo respeto hacia las mujeres.No se cercioran de los efectos que puede provocar en otros paises		]]></document>
	<document><![CDATA[La crisis (moral) del #periodismo. Muy #recomendable http://t.co/6n4JduXN  vía @username		]]></document>
	<document><![CDATA[5 claves para entender el futuro del #marketing de contenidos http://t.co/jkyf6hVi vía @username		]]></document>
	<document><![CDATA[Umberto Eco: “El que no encuentra tiempo para leer, peor para él…Yo uso Internet y no me impide leer”: http://t.co/FQFTWCal"		]]></document>
	<document><![CDATA[Puedes seguir el huracán #Sandy en directo @username http://t.co/7SpOF5BL		]]></document>
	<document><![CDATA[El huracán #Sandy deja once muertos en Estados Unidos tras tocar tierra en Nueva Jersey http://t.co/YUfl841O vía @username		]]></document>
	<document><![CDATA[#Inditex será quien más dinero pague en dividendos en efectivo en 2013 http://t.co/l6Y1kWXF vía @username		]]></document>
	<document><![CDATA[La integración de la #reputación offline y online es fundamental. http://t.co/TZC75psr  vía @username		]]></document>
	<document><![CDATA[Por qué la gestión del #Social Media no puede valer 500 euros  http://t.co/rIhRijTl  vía @username		]]></document>
	<document><![CDATA[Las conversaciones son más productivas, cuando se producen en persona  http://t.co/ruMwPCMw  vía @username #SocialMedia		]]></document>
	<document><![CDATA[A toro pasado, el #Gobierno endurecerá la regulación para evitar tragedias como la de #Madrid #Arena http://t.co/1Pit5J0W		]]></document>
	<document><![CDATA[#Tardor de rock http://t.co/FiY0DmQl vía @username @username		]]></document>
	<document><![CDATA[Guía para seguir las 
#elecciones de #EEUU http://t.co/eyTKyF7M vía @username		]]></document>
	<document><![CDATA[Pymes, medias verdades y redes sociales - Puro Marketing http://t.co/alOtN7wx #SocialMedia vía @username		]]></document>
	<document><![CDATA[Twitter se rinde a los pies de #Obama con el tweet más retweetado de la historia http://t.co/0BMlwQ1F @username #EEUU		]]></document>
	<document><![CDATA[Jeremy Baka (Cohn & Wolfe): “El mayor enemigo de la creatividad es el miedo al fracaso" http://t.co/kRSfunu2 #comunicación		]]></document>
	<document><![CDATA[#Groupon se hunde un 29,59 en bolsa tras anunciar unos decepcionantes resultados  http://t.co/kYySiso5  vía @username		]]></document>
	<document><![CDATA[Mientras hay 520 desahucios al día,sabemos que 8 imputados del caso #Bankia cobraron 2,2 millones de € en 2011 http://t.co/TVid2DeQ		]]></document>
	<document><![CDATA[El humor improvisado del cómico #DavidGuapo llega al Teatro Payà de #Burriana de la mano de la @username http://t.co/qFdoX7in		]]></document>
	<document><![CDATA[¿Una lección para #Iberia? British Airways redujo plantilla un 40% en pleno boom  http://t.co/uKfXKzc5 #empresas vía @username		]]></document>
	<document><![CDATA[¿Qué sectores sí crean #empleo? http://t.co/X8IU1oUw vía @username		]]></document>
	<document><![CDATA[¿El negocio está en las #apps? http://t.co/bxk45fhm @username		]]></document>
	<document><![CDATA[¿Quién tuvo la genial idea de querellarse contra Pablo #Herreros sin pensar las consecuencias?  http://t.co/1609hsxJ  vía @username		]]></document>
	<document><![CDATA[#Bruselas avisa: las becas #Erasmus, en peligro si no hay acuerdo presupuestario vía @username http://t.co/keQTGH1x		]]></document>
	<document><![CDATA[Cuidado con lo que tuiteas http://t.co/eyywG5ET vía @username @username		]]></document>
	<document><![CDATA[#Facebook, un rumor, un comunicado y la #privacidad otra vez sobre la mesa http://t.co/8NQCG4tl vía @username		]]></document>
	<document><![CDATA[La historia de @username a través de su #publicidad http://t.co/GX0gydmn  vía @username		]]></document>
	<document><![CDATA[Trabajar sin cobrar, una práctica cada vez más frecuente en #España según the #NYT @username: #NYT  http://t.co/8IVTkHoe		]]></document>
</author>