<?xml version="1.0" encoding="UTF-8" standalone="no"?><author id="6337fe77-e0ec-444b-8595-b8a061b3f558" lang="es">
	<document><![CDATA[ya son las dos, ¿y ahora quién resuelve mis rayadas? bueeeeeno, un día más...		]]></document>
	<document><![CDATA[Hoy toda la suerte a mi economista favorita @username y a la guapa de @username dejad a laso por los sueeelos (: podeeeis!!!		]]></document>
	<document><![CDATA["@username: Hoy necesito dia productivo , pero muy muy productivo" @username		]]></document>
	<document><![CDATA[dos meses y medio y 2.500 tuits. adicción, #esserio @username		]]></document>
	<document><![CDATA[@username al lado?no.. @username		]]></document>
	<document><![CDATA["tú para el examen no te pongas muy guapa a ver si no te va a reconocer y la lías", by @username #graaaaaaciasoye		]]></document>
	<document><![CDATA[Discutir quince minutos sobre la muerte de Carlos IV y acabar mirando al libro y que fuese Carlos II, pensar que @username es subnormal.		]]></document>
	<document><![CDATA[@username veremoh el esamen, que con tu pohturita y explicacioneh fiho que noh echamoh unah risah.		]]></document>
	<document><![CDATA[@username mañana, siempre mañana...		]]></document>
	<document><![CDATA[Tengo unas pocas (bastantes) ganas de ti.		]]></document>
	<document><![CDATA[@username ven tu, traeme tu company y el iphone, y dame amor, mucho amor (: espero que estés estudiando mucho para el viernes...		]]></document>
	<document><![CDATA[Me voy a comprar un peluche gigante para que me abrace cada noche.		]]></document>
	<document><![CDATA[Venga va, y ahora, después de este delirio, es el momento de apagar el móvil y ponerme a estudiar. A fueguísimo, queda muuy poco.		]]></document>
	<document><![CDATA["@username: Hoy toca irse a dormir con pereza...La cama se me hará aún más grande." pues yo con @username creo qe se me hara more pequeña<3		]]></document>
	<document><![CDATA[Lo peor no es asumir la derrota, sino aceptar las condiciones de la victoria.		]]></document>
	<document><![CDATA[Muchísima suerte para el jurista que más quiero y que en unas horas estará disfrutando el fin de examenes!!tu puedes @username <3		]]></document>
	<document><![CDATA[Y todo lo que juras y perjuras que no volverás a hacer, lo haces. Es entonces cuando te das cuenta de que eres una perfecta subnormal.		]]></document>
	<document><![CDATA[Nacimos para ser felices, no perfectos.		]]></document>
	<document><![CDATA[Lo mejor de las semanas de exámenes es la cantidad de natillas y cookies que me jalo con cero cargo de conciencia.. #felicidadmáxima		]]></document>
	<document><![CDATA[La vida es como una caja de bombones, para comérsela.		]]></document>
	<document><![CDATA[Poner la alarma diez minutos antes de la hora contando con que la vas a aplazar otras dos veces mínimo.		]]></document>
	<document><![CDATA[Siestas de veinte minutos que se alargan demasiado... Que el examen es mañanaaa!!!!!!!!!!!!!!!		]]></document>
	<document><![CDATA[Puede pelártela más? #graaaaaciasoye		]]></document>
	<document><![CDATA["@username: Hoy nos echan si o si... Yo veo a la gente muy dispuesta. @username @username" te la peela te la peeeeela, no llega el fuego!		]]></document>
	<document><![CDATA[@username acaba de soltarme 5 céntimos para que me compre un amigo... algún voluntario? O:)		]]></document>
	<document><![CDATA[solo quiero oír un: "está usted aprobada señorita"....		]]></document>
	<document><![CDATA[mañana en el examen: "mire Benjamín, lo bueno si breve, dos veces bueno".		]]></document>
	<document><![CDATA["yo doy pena por no llevarlo al día pero tú das más pena por llevarlo al día y estar igual que yo" @username #graaaaaaciasoye		]]></document>
	<document><![CDATA[Sea cual sea la pregunta, nosotros responderemos:don Saturnino Álvarez Bugallal,don Benjamín.Saturnino siempre, #saturninolove y con acento!		]]></document>
	<document><![CDATA[Acojone máximo. Una hora de examen y estamos en la A... Mucha espera y mucho nervio, necesito SUERTEEEE (y mucha)...		]]></document>
	<document><![CDATA[Que se acabe ya este examen y que los nervios no jueguen una mala pasada.... Maldito oraaal		]]></document>
	<document><![CDATA[Momentos rilax: -si aprobamos nos tiramos al rio? -en bolas? @username		]]></document>
	<document><![CDATA[hoy a @username le toca besar la calva de benja porque al muy cabron le pregunto la penal, al diez que llega... http://t.co/hKJ0ntOx		]]></document>
	<document><![CDATA[@username en cuanto acabe me paso a verte guapa (:		]]></document>
	<document><![CDATA[-de qué nos vamos a disfrazar en el codex? -tú deberías disfrazarte de persona normal @username		]]></document>
	<document><![CDATA[Hoy toca mañana de apoyo incondicional a la que más se lo merece, @username y después las cervezas prometidas. Cómo la quiero...		]]></document>
	<document><![CDATA[Porque ella se lo merece todo, y porque para nosotras unas cervezas nunca son sólo unas cervezas... Te quiero @username tú puedes!(:		]]></document>
	<document><![CDATA[Usted ha dicho que estaba mal dicho lo que yo le he dicho... Y otras cosas de un examen oral.		]]></document>
	<document><![CDATA[@username nah no era mio, yo aprobe (: que tal vas tu miamor??		]]></document>
	<document><![CDATA[@username yo sí que te echo de menos... Tengo unas ganas de febrero y visita que no te las crees... (:		]]></document>
	<document><![CDATA[Comer en la cama con una buena peli y otros placeres de la vida.		]]></document>
	<document><![CDATA[Esta tarde habrá que darle duro a Mankiw para disfrutar de la noche con mis niñas @username @username		]]></document>
	<document><![CDATA[¿Tanto pido si digo que quiero que estés conmigo?		]]></document>
	<document><![CDATA[-Soy la persona más rara y rayada sobre la faz de la tierra. -Ya me voy dando cuenta... @username #guasap jaaaaaaaaaaajajajajaja me amas.		]]></document>
	<document><![CDATA[Se que @username se está comiendo el mundo. Y cómo lo vamos a celebrar en un rato..		]]></document>
	<document><![CDATA[la puerta cerrada, la calefacción a 21º y tú con el abrigo? en seeeeeeeeeeeeeeeeeerio no me lo creo @username jajajajajajajajajajajajajajaj		]]></document>
	<document><![CDATA[Que nadie se tome mi último tuit en serio, son solo cosas que se echan de menos.		]]></document>
	<document><![CDATA[@username hmmm, nada mejor para un trueque que lo que al señorito se le antoje!pida usted por esa boquita que tengo mucho mono de cocineo		]]></document>
	<document><![CDATA[Pero qué ganas tenía de una tarde como la de hoy... Máximo rilax (:		]]></document>
	<document><![CDATA[Hoy ha empezado una nueva etapa. La esencia: la felicidad. @username CAPAZ?		]]></document>
	<document><![CDATA[@username y lo seremos todos, con lo mucho que vamos a estudiar este cuatri.... Aunque antes tenemos una noche muy larga por delante... (:		]]></document>
	<document><![CDATA["@username: @username Capaz!" juntas podemos y en muy poco empezamosssssssssssss #farrajurista #vaaaaaaaamos		]]></document>
	<document><![CDATA[@username muchas felicidades, espero que hayas pasado muy buen día, la noche seguro que sí. Que @username te cuide mucho <3		]]></document>
	<document><![CDATA[@username en un rato nos pasamos por allí... No os aburráis sin nosotrasssss ;)		]]></document>
	<document><![CDATA[Vaaaaaamonos de farra juristaaaaa hay que hacer un descanso entre tanto estudio. Las quiero, @username @username http://t.co/RhzIu5nk		]]></document>
	<document><![CDATA[@username porque hoy no queremos oír que las gallegas son unas sosas.... @username http://t.co/7piZY6SX		]]></document>
	<document><![CDATA[Dime si es normal, que me pase esto que me pasa...		]]></document>
	<document><![CDATA["@username: Resaquitaaa buena para aprenderme el manual de Mankiw, estoy motivadisimo..." http://t.co/r3uQA4Xd se te ve...		]]></document>
	<document><![CDATA[yo no se cómo lo hacemos que pa estudiar el a fuego no lo cumplimos nunca pero de noche... me dais miedo @username @username		]]></document>
	<document><![CDATA[hoy, aunque sea domingo perezoso, dudo mucho qe  a @username se le haga la cama grande JAAAJAJAJA @username somoa unas perfectas acoplás (:		]]></document>
	<document><![CDATA["@username: @username @username perfectass cabronas, perfectas liantas" nos amas, quita a tarzán anda....		]]></document>
	<document><![CDATA[comer a las 5 30 los restos de la madrugada compartiendo tenedor y otras cosas surrealistas que nos pasan @username @username		]]></document>
	<document><![CDATA["Aaaaaaaaaaay, la vida universitaria es la vida mejor". By @username tras llegar a casa después de nuestra tremenda farra jurista. GRANDE		]]></document>
	<document><![CDATA[Y ahora,después de todo el día metida en cama con @username y @username es el momento perfecto para una rica ducha e ir a libreros,vaaamos.		]]></document>
	<document><![CDATA[Es hora de empezar, el miércoles estará dominao...solo831pags y dos días con sus dos noches. vaaaamos @username http://t.co/O2jVo1tw		]]></document>
	<document><![CDATA[llegar a casa después de un intenso estudio y solo poder pensar en la tarta de @username		]]></document>
	<document><![CDATA[pues eso, que así con la coña @username y @username me han abandonao!!rajaaos, esta tarde aquí os quiero que me aburro....mankiw no habla..		]]></document>
	<document><![CDATA["@username: Comida mas que rica con @username <3" como te quiero; rica tu compañia, guapa		]]></document>
	<document><![CDATA[@username eso es al lao de mi casaaaaa		]]></document>
	<document><![CDATA[vamos de independientes, de modernas.. y al final estamos desesperaitas por buscar un hombre. Así es @username la tele ha hablado jajajajajaj		]]></document>
	<document><![CDATA["@username: 60 canales y acabar viendo capítulos repetidos de La que se avecina." @username		]]></document>
	<document><![CDATA[Hoy se ha levantado graciosillo @username y con muy pocas ganas de estudiar... Nos dejará hacer algo @username ¿¿¿???		]]></document>
	<document><![CDATA[Lo de la barriga de @username no es ni medio normal. Sociabiliza demasiado... Esto no es serio #help @username		]]></document>
	<document><![CDATA[Así quien no quiere venir a estudiar? Esto es Hamor @username @username http://t.co/8hmLgbSa		]]></document>
	<document><![CDATA[A puntito estoy de abandonar el estudio, demasiado pedir saberme esto con tan poco tiempo y tan poca idea de economía...		]]></document>
	<document><![CDATA[Todo lo que aparesca escrito por mi, seguramente no lo haya escrito yo... ejque @username esta yéndose a menos y ya desvaría, pero nah....		]]></document>
	<document><![CDATA[alah, pues como no, hemoh dejenerao el estudio en sesión de cine... somoh loh peoh @username @username		]]></document>
	<document><![CDATA[tres y 20, segunda peli, examen a un día y otras formas de que la vida fluya.... @username @username		]]></document>
	<document><![CDATA[me encanta llegar a casa de clase y tener que recoger todo lo de ayer... @username @username		]]></document>
	<document><![CDATA["@username: @username Yo doble un poquin las mantas... Pero me mandaste parar, no se para que te hago caso" teamoguapa.		]]></document>
	<document><![CDATA["@username: @username @username SORRRYYY, al menos yo no dejo pelos en la almohada... ;o" callate capullo, que yo no tengo la culpa... :(		]]></document>
	<document><![CDATA[Cada día me supero en la cocina, traaaaaaaaaaaa		]]></document>
	<document><![CDATA[Quiero un yogur, unas natillas, o algo así... Un abrasito pa la siesta también me vale.		]]></document>
	<document><![CDATA[Estar ordenando unos tickets y.... http://t.co/9jO5AiFl @username @username		]]></document>
	<document><![CDATA[Yo paso. Seamos realistas, en el fondo no quiero aprobar todas... Si no,¿qué motivo tendría para pasarme la semana con @username @username?		]]></document>
	<document><![CDATA["@username: Celebrando el fin de examenes @username @username @username @username :-D http://t.co/cz8yP9Go" hooooombre		]]></document>
	<document><![CDATA[como no, comiendo a ricas horas, y la cerveza que no falte... findeexamenesss @username @username http://t.co/oTRSTbB9		]]></document>
	<document><![CDATA[Poner pereza a ver si la cama se hace grande o qué..... @username @username @username		]]></document>
	<document><![CDATA[Hemos acabado exámenes y estamos en el sofá camas con cerveza y escuchando.... http://t.co/AdqFndMt tenemos un puto problema. selvesaaaaaaaa		]]></document>
	<document><![CDATA[Pies grandes y pies pequeños @username @username http://t.co/Pm6bLcgI		]]></document>
	<document><![CDATA[#simimamámesiguieraentwitter mamá por favor si lees esto, no lo comentes ;) sé que me sigues.		]]></document>
	<document><![CDATA["@username: @username jajajajaja quiero irrrrr!" quieeero que vebgas vente el finde del 9 y el 10 son los quintossss... guasap		]]></document>
	<document><![CDATA[cuando quieres matar matar y te limitas a sonreír. Hoy la cerveza me va a gustar x1000000000000000000000000000000.		]]></document>
	<document><![CDATA["mariiiiiiiiiiiiiiiiiiiiiiaaaaaaaa.... mmatar es un delito...." by @username la amo. sabe que podría ser cierto. @username también ajjj		]]></document>
	<document><![CDATA[Muchos los anzuelos que dejé mordidos.		]]></document>
	<document><![CDATA[Hoy se quema la vida, y mañana Salamanca. VAMOS.		]]></document>
	<document><![CDATA[Que hoy estoy más tierno que el Winnie the Pooh...		]]></document>
	<document><![CDATA[Como aquel acento que buscaba su palabra, así estoy yo...		]]></document>
	<document><![CDATA[Como cuando me pedías guerra, una y otra vez.		]]></document>
	<document><![CDATA[Oh, yeah, mira niña cómo te lo digo?		]]></document>
</author>