<?xml version="1.0" encoding="UTF-8" standalone="no"?><author id="707ac6f8-e963-4035-868f-d6c36ba9086f" lang="es">
	<document><![CDATA[@username tienes razón!		]]></document>
	<document><![CDATA[Hoy se celebra el Día mundial de Alcohólicos Anónimos en conmemoración a la fundación de esta sociedad creada en Ohio, EE.UU., en 1935		]]></document>
	<document><![CDATA[08:24, mañana templada con cielo despejado en @username La temp. 14ºC, humedad 47% y viento 3.5 km/h. HazeCam: http://t.co/l0dQ84vv		]]></document>
	<document><![CDATA[Roban a Pacquiao y pierde el cetro http://t.co/I2SsVTrL		]]></document>
	<document><![CDATA[Pretende Espino librar horas en 'Torito' http://t.co/rX16Asjn		]]></document>
	<document><![CDATA[Listos en #CasaMadridMexico para ver España vs Italia http://t.co/IiN9KWNj		]]></document>
	<document><![CDATA[@username un fuerte abrazo.		]]></document>
	<document><![CDATA[Es Checo tercero en GP de Canadá http://t.co/Sj2JwOcP		]]></document>
	<document><![CDATA[Se siente 'Tito' Villa como en casa http://t.co/QiIHAtVt		]]></document>
	<document><![CDATA[Parten Pumas hacia Acapulco http://t.co/UDxjTVei		]]></document>
	<document><![CDATA[Mucho mas interesante el debate en redes sociales que es la TV		]]></document>
	<document><![CDATA[Nuevamente el gran perdedor del debate es Mexico.		]]></document>
	<document><![CDATA[Si Monreal dice q López pasará su estilo personal a la nación, voy preparando mi pasaporte... Quién quiere parecerse a AMLO...??? Yo, no...!		]]></document>
	<document><![CDATA[Son AMLO y Peña lo mismo.- Josefina http://t.co/ExAVIqPh		]]></document>
	<document><![CDATA[@username @username @username @username 
Bajo voltaje en la calle de Indiana esq Georgia en @username		]]></document>
	<document><![CDATA[Corona! En que estas pensando?		]]></document>
	<document><![CDATA[Marador @username buenos dias!		]]></document>
	<document><![CDATA[Tendría Martín Bravo mejora económica http://t.co/2AXBw8vn		]]></document>
	<document><![CDATA[Va Márquez por título de OMB http://t.co/Can4bRn4		]]></document>
	<document><![CDATA[Lance Armstrong se enfrenta a cargos por dopaje
: http://t.co/wI1lMy9j		]]></document>
	<document><![CDATA[Rediseñan Fuente de Petróleos http://t.co/ZFP6Ry6q		]]></document>
	<document><![CDATA[Paellas para papá http://t.co/dl2VmXU7		]]></document>
	<document><![CDATA["El hombre nunca sabe de lo que es capaz hasta que lo intenta.”(Charles Dickens)  http://t.co/clsSgEGb		]]></document>
	<document><![CDATA[Esta fue la segunda victoria por TKO para Julio César Chávez Jr en sus ultimas 7 peleas ahora pone marca de 46-0-1, 32KO		]]></document>
	<document><![CDATA[Atropellan la fiesta.- Rincón http://t.co/w361b0ux		]]></document>
	<document><![CDATA[EE.UU. tiene de nuevo la computadora más rápida del mundo http://t.co/2w1UCwBS		]]></document>
	<document><![CDATA[Jornada negra en España lleva su prima de riesgo a récord http://t.co/DsZHdBuR		]]></document>
	<document><![CDATA[Director de tecnología de Facebook deja la empresa http://t.co/OmKiYe1u		]]></document>
	<document><![CDATA[[Reforma Móvil] Lanza Microsoft su propia tablet Surface http://t.co/5vbF4DXs		]]></document>
	<document><![CDATA[Clemens es absuelto de todos los cargos http://t.co/GUqHDWDa		]]></document>
	<document><![CDATA[Meten Iker y Navas a España a Cuartos http://t.co/T03GBk5Q		]]></document>
	<document><![CDATA[España, a cuartos como primera de grupo: http://t.co/wI1lMy9j		]]></document>
	<document><![CDATA[La &quot;alarmante&quot; actitud censora de los gobiernos en internet http://t.co/diyIKXae		]]></document>
	<document><![CDATA[La "alarmante" actitud censora de los gobiernos en internet http://t.co/YANElRJo #bbc #Tecnología		]]></document>
	<document><![CDATA[La alarmante actitud censora de los gobiernos en internet http://t.co/iP7Ni5hg #Tecnología		]]></document>
	<document><![CDATA[Cinco productos de Apple que nunca lograron despegar, a pesar de Steve Jobs http://t.co/bn8D8tDs		]]></document>
	<document><![CDATA[“@username: #Televisa acepta requisitos de CFC para aliarse con Iusacell http://t.co/ouCTgU8r”		]]></document>
	<document><![CDATA[¿Peña Nieto es talla “chica”? | José Cárdenas http://t.co/htycNgTn vía @username		]]></document>
	<document><![CDATA[Debate Mas de 131
Ejemplo para todos. http://t.co/HvQIQSNy		]]></document>
	<document><![CDATA[@username mi sueño, cortar
un rabo en @username @username http://t.co/MjvWWNuL vía @username		]]></document>
	<document><![CDATA[Rechazan cableras pagar TV gratuita http://t.co/PbbDDIrk		]]></document>
	<document><![CDATA[Añaden a Google Maps tráfico de México http://t.co/kFFrybPd		]]></document>
	<document><![CDATA[Ponen el ejemplo #Debate132 http://t.co/qZWuVZ0I		]]></document>
	<document><![CDATA[Ponen el ejemplo #YoSoy132 http://t.co/qZWuVZ0I		]]></document>
	<document><![CDATA[Arrancan cambios a la e-factura http://t.co/09Y8VlUs		]]></document>
	<document><![CDATA[Malvinas/Falklands: el rechazo de Cameron a Fernández http://t.co/tWNFm2sU		]]></document>
	<document><![CDATA[Lo que opinan los expertos de la nueva tableta de Microsoft http://t.co/FXaMroD9		]]></document>
	<document><![CDATA[El riesgo para la salud de los teléfonos inteligentes http://t.co/dlhVYqvM		]]></document>
	<document><![CDATA[Arranca el debate #yosoy132		]]></document>
	<document><![CDATA[Clausuran la cumbre del G20 en México http://t.co/da2ei2Im		]]></document>
	<document><![CDATA[Google Maps permitirá consultar el tránsito en México. Excélsior http://t.co/BBrBiShU via @username		]]></document>
	<document><![CDATA[Conclusiones de Josefina: es el momento para que los jóvenes tomen la decisión, voy a gobernar con ustedes #yosoy132		]]></document>
	<document><![CDATA[Revela JVM a su gabinete, durante debate del #YoSoy132 | Color Electoral: http://t.co/dgs1axez		]]></document>
	<document><![CDATA[Julian Assange, creador de WikiLeaks, pide asilo a Ecuador. Excélsior http://t.co/nqfspXHV via @username		]]></document>
	<document><![CDATA[Mayweather vale millones, para Forbes es el mejor pagado. Excélsior http://t.co/1I56b55M via @username		]]></document>
	<document><![CDATA[Prevén 20 corridas para Diego Silveti [Cancha]
http://t.co/bT9Vnzqu		]]></document>
	<document><![CDATA[Vuelve con la ilusión de ser titular [Cancha]
http://t.co/uMjBB9wj		]]></document>
	<document><![CDATA[“@username: ULTIMA HORA: El tenista Rafa Nadal será el abanderado de la delegación española en Londres 2012”		]]></document>
	<document><![CDATA[Fotos de Lindsay Lohan http://t.co/PQs05lZR”		]]></document>
	<document><![CDATA[“@username: .@username explica a #YoSoy132 su declinación a debate http://t.co/QeznUVnv #Nacional”		]]></document>
	<document><![CDATA[Eusebio Razo: El Caribe está por reconocer sus méritos: http://t.co/qAAooBVg		]]></document>
	<document><![CDATA[“@username: Plaza de Toros de Las Ventas. Programa de mano del 24 de junio http://t.co/3kN6OUIt”		]]></document>
	<document><![CDATA[Felicito a  @username por retirar puestos ambulantes de comida en  Georgia e Insurgentes en @username http://t.co/wntGrC6B		]]></document>
	<document><![CDATA[Invaden mexicanos plazas sudamericanas [Cancha]
http://t.co/QtDypqKZ		]]></document>
	<document><![CDATA[Ahí viene otro 'Armillita' [Cancha]
http://t.co/EAToJz3m		]]></document>
	<document><![CDATA[“@username: Los egipcios conocerán hoy a su próximo presidente con los ánimos caldeados http://t.co/BpkazEKC”		]]></document>
	<document><![CDATA[@username #BuenCamino 
Saludos		]]></document>
	<document><![CDATA[Iker Casillas y Sara Carbonero, un momento incómodo tras la victoria http://t.co/3mQhM0tC vía @username		]]></document>
	<document><![CDATA[Dejo de llover el @username, ahora falta que se quite el frío para estar agusto.		]]></document>
	<document><![CDATA[¿Quemamos más calorías cuando nos esforzamos para pensar? http://t.co/08zOArCT		]]></document>
	<document><![CDATA[Tiene Llaguno fecha de debut [Cancha]
http://t.co/Im3mgyri		]]></document>
	<document><![CDATA[@username mucha suerte! Saludos		]]></document>
	<document><![CDATA[“@username: Para que tu voto sea válido, revisa cómo votar en la boleta electoral http://t.co/9BkzlNdr”		]]></document>
	<document><![CDATA[Escuchando #RinconTaurino con @username por @username 
Saludos a @username y a todos en cabina.		]]></document>
	<document><![CDATA[Maneje con precaución llueve en todas las carreteras que comunican al DF con los estados aledaños, recuerde estamos en temporada de lluvias		]]></document>
	<document><![CDATA[Sigue la esperada reaparición de José Tomás a los ruedos el lunes en ABC.es   via @username http://t.co/kt1CG98d		]]></document>
	<document><![CDATA[@username: Sigue la esperada reaparición de José Tomás a los ruedos el lunes en ABC.es   via @username http://t.co/kt1CG98d		]]></document>
	<document><![CDATA[Mucha lluvia en #SanJuanDelRio, buen regreso @username @username 
Saludos		]]></document>
	<document><![CDATA[Mucha lluvia en #SanJuanDelRio, buen regreso @username 
Saludos		]]></document>
	<document><![CDATA[@username Vecina, que gusto saber de ti.
Saludos.		]]></document>
	<document><![CDATA[Triunfa Saldívar en Francia [Cancha]
http://t.co/MKt6uKM7		]]></document>
	<document><![CDATA[@username Cuando dejan de pasar los comerciales de los partidos políticos, ya los alucinamos todos.		]]></document>
	<document><![CDATA[@username mil gracias, saludos.		]]></document>
	<document><![CDATA[“@username: @username  buenos dias saludos y un abrazo / @username igual, excelente día, y mejor semana.		]]></document>
	<document><![CDATA[José Tomás y El Juli en hombros http://t.co/u5L9Tk4m vía @username		]]></document>
	<document><![CDATA[El Juli se cuela en la fiesta de José Tomás http://t.co/qmzVax0N vía @username		]]></document>
	<document><![CDATA[@username muy buenos dias!		]]></document>
	<document><![CDATA[@username buenos dias!		]]></document>
	<document><![CDATA[Nadie le dijo a los pelotaris del Abierto  Mexicano de Jai Alai que cuando se toca el Himno Nacional hay que quitarse la cachucha		]]></document>
	<document><![CDATA[Internet es la mejor plataforma para
comunicar ideas y reflexiones.
@username @username		]]></document>
	<document><![CDATA[Calendario de presentaciones de “Otro Gobierno” http://t.co/PXOoVWsV vía @username		]]></document>
	<document><![CDATA[La víspera del trueno | José Cárdenas http://t.co/yfWSLEgV vía @username		]]></document>
	<document><![CDATA[@username Que es un peligro para Mexico.		]]></document>
	<document><![CDATA[Portugal ya se canso, creo que buscan ya los penlties.		]]></document>
	<document><![CDATA[@username Penales!!!		]]></document>
	<document><![CDATA[@username España pasa de forma muy dramática.		]]></document>
	<document><![CDATA[Tientan en La Playa [Cancha]
http://t.co/7Hze18LV		]]></document>
	<document><![CDATA[Tiene Saldívar un gran debut en Portugal [Cancha]
http://t.co/bAbX4kDg		]]></document>
	<document><![CDATA[@username: Aumentan cuentas falsas en web por campañas políticas http://t.co/xViprSb9 #Redes		]]></document>
	<document><![CDATA[Acaba Wimbledon para Nadal [Cancha]
http://t.co/VdoZOyqU		]]></document>
</author>