<?xml version="1.0" encoding="UTF-8" standalone="no"?><author id="a4f7d465-919d-42c1-ae85-96b425e21217" lang="es">
	<document><![CDATA[@username cual independencia?		]]></document>
	<document><![CDATA[No parecen juegos pirotécnicos cerca de l ángel de la independencia.		]]></document>
	<document><![CDATA[En este país tan amenazado por el gobierno, tener una vivienda propia, educación gratuita y una familia será un deseo no grato.		]]></document>
	<document><![CDATA[Mejor ilustración imposible! ¡viva la indiferencia de México! 
http://t.co/EeeDe2GyAv		]]></document>
	<document><![CDATA[Apoyo a los maestros de la CNTE desde Argentina 
https://t.co/1yiJwQXbVK		]]></document>
	<document><![CDATA[Estoy escuchando Super Cadena Cristiana y #theworldsradio con la aplicación @username Radio http://t.co/FHDBjRrBJC		]]></document>
	<document><![CDATA[#50CosasQueMeGustan Tener la oportunidad de empezar de nuevo :)		]]></document>
	<document><![CDATA[@username @username hice una denuncia por la website y no me dieron respuesta		]]></document>
	<document><![CDATA[Hoy quiero escuchar canciones folclóricas, muy folclóricas muajaja!		]]></document>
	<document><![CDATA[#50CosasQueOdio Que te digan que yo ya no existo, que conozcas personas mas buenas, que te den lo que yo no pude darte!		]]></document>
	<document><![CDATA[#50CosasQueOdio te adoré, te perdí ya ni modo!		]]></document>
	<document><![CDATA[ojalá que mi amor no te duela, y te olvides de mi para siempre, que se llenen de sangre tus venas, y que la vida t vista de suerte!		]]></document>
	<document><![CDATA[yo no se si mi ausencia te duela aunque tenga mi pecho de acero		]]></document>
	<document><![CDATA[y yo no sé como voy a pagarlas, ojalá que te vaya muy bonito		]]></document>
	<document><![CDATA[#50CosasQueOdio Nada me han enseñado los años, siempre caigo en los mismo errores y a llorar por los mismo dolores.		]]></document>
	<document><![CDATA[Cada vez más mujeres renuncian a la maternidad. 
http://t.co/ucIhCY6Zt4 @username		]]></document>
	<document><![CDATA["La vida están corta para vivir enojado". American history X		]]></document>
	<document><![CDATA[@username tus programs super culturales, una mujer que se masturba en tv abierta y día familiar, y a eso le llaman ser un artista?		]]></document>
	<document><![CDATA[#LoQueMeGustaDeEstaVida que no importa la que pase, El siempre estará conmigo		]]></document>
	<document><![CDATA[#FueraLauraBozzoDeMéxico Hablando de que a los de TW les pagan para comentar y como se le llama a los q salen en su CHOW @username		]]></document>
	<document><![CDATA[Si tanto quiere a su pueblo de Perú, que hace aquí señora. Ande vaya con su gente @username #FueraLauraBozzoDeMéxico		]]></document>
	<document><![CDATA[La llamo "mentirosa, arma circos"... Bitch pleaseee! #FueraLauraBozzoDeMéxico		]]></document>
	<document><![CDATA[Le dices mentirosa y monta circos jaja Bitch please! FueraLauraBozzoDeMéxico http://t.co/cDwZxRuHJL		]]></document>
	<document><![CDATA[Que pase la desgraciadaaaaa pero a su país! Jaja #FueraLauraBozzoDeMéxico		]]></document>
	<document><![CDATA[#FrasesQueMATAN Maestra tenemos clase con usted, podemos pasar? ????		]]></document>
	<document><![CDATA[#FrasesQueMATAN ya es tarde, no vas a ir a trabajar?		]]></document>
	<document><![CDATA[@username jaja ya nadie la quiere, pero nosotros que estaremos pagando? Jaja		]]></document>
	<document><![CDATA[#LauraBozzoMéxicoNoTeQuiere vamos tómate unas vacaciones !		]]></document>
	<document><![CDATA[@username si aquellos que su único "medio de comunicación" es la TV :/		]]></document>
	<document><![CDATA[@username Y donde te vemos, donde la cita???		]]></document>
	<document><![CDATA[#LauraBozzoMéxicoNoTeQuiere si usted hubiera brindado su ayuda sin ningún sentido de lucro, no lo estaría diciendo mucho menos Televisando		]]></document>
	<document><![CDATA[@username @username ahora que cierren su programa		]]></document>
	<document><![CDATA[Como los médicos ven mi corazón ???? http://t.co/drsNFC1Ewr		]]></document>
	<document><![CDATA[Que onda con el Jaripeo en Domingo? ????		]]></document>
	<document><![CDATA[#EsIncómodoCuando vas a dormir y escuchas la fiesta grupera de tu vecino ????????		]]></document>
	<document><![CDATA[Hoy tengo miedo a salirte a buscar, tengo miedo de volverte a encontrar! :/		]]></document>
	<document><![CDATA[Me dan miedo las mentiras ya no tengo mas fe, tengo miedo de volver a creer		]]></document>
	<document><![CDATA[otro día aburrido!

https://t.co/DGkIv6oH0d		]]></document>
	<document><![CDATA[#lopeordeunacita que tenga faltas de ortografía al hablar jajaja		]]></document>
	<document><![CDATA[#2DeOctubreNoSeOlvida desde entonces imagino un mundo sin PRI http://t.co/QnhCCBtp04		]]></document>
	<document><![CDATA[El PERDÓN no es olvidar, si no recordar SIN RENCOR!
(Difícil pero cierto)		]]></document>
	<document><![CDATA[Porque Él tiene pensamientos de bien y no de mal,  #SoyCristiano		]]></document>
	<document><![CDATA[@username salmo 23:1 el Señor es mi pastor nada me faltara		]]></document>
	<document><![CDATA[@username :D ambos son mis favoritos. Que Dios te bendiga :)		]]></document>
	<document><![CDATA[#30CosasQueQuisiera que volvieras hablar y reír como antes :( todo va a estar bien Elsita! Él tiene un propósito		]]></document>
	<document><![CDATA[Dios nunca cierra una puerta sin abrir otra #DiosEsBueno http://t.co/nV2uylouGQ		]]></document>
	<document><![CDATA[#DiosEsBueno porque aun en este mundo tan injusto, El tiene un propósito de bien y de justicia.		]]></document>
	<document><![CDATA[@username que curioso! :S		]]></document>
	<document><![CDATA[#SabesQueValisteMadre cuando #AnarcoAcarreados aparecen en las marchas de izquierda #repugnant		]]></document>
	<document><![CDATA[@username Hola. Me gustaría saber cuando son las fechas para el examen Toefl ITP. Muchas gracias.		]]></document>
	<document><![CDATA[Como sabían que quería ver El Padrino. The best!		]]></document>
	<document><![CDATA[@username Se me paso la venta de boletos y me quede sin dinero		]]></document>
	<document><![CDATA[@username  Me  cuentas que tal te fue		]]></document>
	<document><![CDATA[El me dijo que era #difícilDeEncontar, Posoye ni yo me encuentro		]]></document>
	<document><![CDATA[No hay peor programa de tv que "La familia Peluche" excepto "Cumbia Ninja" ese si esta pasado de lanza		]]></document>
	<document><![CDATA[@username también irán a ver a Radiohead? :O		]]></document>
	<document><![CDATA[No hay peor gobernante en México que @username, ah esperen también esta @username #PorMéxicoUnámosnos		]]></document>
	<document><![CDATA[@username Y tenía un buen físico		]]></document>
	<document><![CDATA[Me caga el fútbol! ???? y la gente que se aficiona ????????		]]></document>
	<document><![CDATA[@username cómo puedes perder el estilo? de rocker a reggaetonero ! que oso!		]]></document>
	<document><![CDATA[Sabrosa manera de bailar de los amigos de #ElGranContinental :)		]]></document>
	<document><![CDATA[#SimplementementeMePoneDeBuenas escuchar música, música dije...		]]></document>
	<document><![CDATA[ven Señor como dijiste, derrama tu gloria!
http://t.co/iBx082yq2N		]]></document>
	<document><![CDATA[@username Jajaja y las que faltan. I'm a Loquilla jaja ????		]]></document>
	<document><![CDATA[#EseMomentoIncomodo en el que te preguntas si aún pensará en ti!		]]></document>
	<document><![CDATA[@username @username Ellis solo puede conectarse con si mismos :/		]]></document>
	<document><![CDATA[#malasuertecuando hay promesas que no puedes cumplir ! ????		]]></document>
	<document><![CDATA[@username Mejor que se les destinen recursos para que más niños se preparen		]]></document>
	<document><![CDATA[@username Creo que facebook ha perdido su objetivo, parece más Hi5 que pena!		]]></document>
	<document><![CDATA[Acabo de utilizar #Shazam para taguear Barricade de Interpol. http://t.co/SkazaTOODP		]]></document>
	<document><![CDATA[Dicen que #SinDolorNoTeHacesFeliz . Creo que aplica siempre :/		]]></document>
	<document><![CDATA[#AvecesLoUnicoQueNecesitoEs Irme lejos muy lejos		]]></document>
	<document><![CDATA[@username mucha razón, aveces tomamos decisiones incorrectas por no saber esperar :/		]]></document>
	<document><![CDATA[Acabo de utilizar #Shazam para taguear PDA de Interpol. http://t.co/feX9MLOqtc		]]></document>
	<document><![CDATA[Acabo de utilizar #Shazam para taguear Natural One de Folk Implosion. http://t.co/w6Q2u9PSxD		]]></document>
	<document><![CDATA[Acabo de utilizar #Shazam para taguear Float On de Modest Mouse. http://t.co/BRWyrRLojJ		]]></document>
	<document><![CDATA[Acabo de utilizar #Shazam para taguear Close To You de Carpenters. http://t.co/SuxTVMrxiz		]]></document>
	<document><![CDATA[Éxito de la Educación en Finlandia
http://t.co/7GqSPIHhuQ		]]></document>
	<document><![CDATA[La educación prohibida 
http://t.co/GCnReDRyc2		]]></document>
	<document><![CDATA[#NoValeLaPena contratar buenos servicios, decían jaja al menos ocultan la identidad http://t.co/t1YQKlvH0I		]]></document>
	<document><![CDATA[@username El Gran Dictador		]]></document>
	<document><![CDATA[Si no quieres, no se puede. 
Si quieres, Todo es posible.
#trueStory		]]></document>
	<document><![CDATA[Le dije descafeinado ????		]]></document>
	<document><![CDATA[#DiaDeMuertos los muertos muertos están y no regresan. Yo celebro #laVida		]]></document>
	<document><![CDATA[@username mira @username el primero es IÑAKI jaja		]]></document>
	<document><![CDATA[@username ese Cuadri es una loquilla jajaja iugh!		]]></document>
	<document><![CDATA[Y ahora ya viene el "Buen Fin" y el "Teleton"

Don't dire lie to us!!! 
#repugnant		]]></document>
	<document><![CDATA[@username que abusados los hizo su mamá :/ #patéticos		]]></document>
	<document><![CDATA[@username creo que pueden decir que no quieren donar y les devuelven su dinero! Por si las dudas revisen sus tickets!		]]></document>
	<document><![CDATA[#FrasesTípicasDeMisPapás Te lo dije, ¿Te lo dije o no te lo dije? Haber ahí tienes las consecuencias :S		]]></document>
	<document><![CDATA[#FrasesTípicasDeMisPapás Tienes que aprender a hacer las cosas porque cuando te cases... :S		]]></document>
	<document><![CDATA[#EsasFrasesQueNuncaOlvidare
- Papá me voy a casar, ¿me puedes ayudar con algunas cosas para la boda? 
-si hija, ¿con qué?
-con un XBOX ????		]]></document>
	<document><![CDATA[@username Tu puro feis jajaja haber cuando te dejas ver!		]]></document>
	<document><![CDATA[@username @username equis somos chavos jajaja		]]></document>
	<document><![CDATA[Los medios de comunicación son como mi ex novio,es decir, sólo hay que creerles la mitad. No al #buenfin		]]></document>
	<document><![CDATA[@username creo que no jaja solo La estrellita		]]></document>
	<document><![CDATA[Porque nuestras autoridades son las únicas que creen que nuestro país va "viento en popa" :/		]]></document>
	<document><![CDATA[Estaría padre que hicieran un Reality Show como el de "jefe encubierto" con nuestros gobernantes pero los 365 días del año ????		]]></document>
	<document><![CDATA[Todos son tan malos, todo esta mal, todos son villanos queriéndome matar, todo esta perdido, y se va a acabar!		]]></document>
	<document><![CDATA[#todoEsfacilCuando sacan sus comerciales del @username tratando de hacernos creer que sus "Reformitas" son lo máximo		]]></document>
</author>