<?xml version="1.0" encoding="UTF-8" standalone="no"?><author id="b29eff2a-886c-4694-b6ef-1e871154a612" lang="es">
	<document><![CDATA[@username vas a comer pelotitas campeón...
#calentandoelclasico		]]></document>
	<document><![CDATA[@username ese que curso es?????		]]></document>
	<document><![CDATA[@username Haz mi informe sobre erasmus practicas y dejate ya de sénecassss		]]></document>
	<document><![CDATA[Escuchando a un enano que se cree algo.		]]></document>
	<document><![CDATA[UPyD pide restaurar por ley los nombres en castellano de provincias y localidades http://t.co/dGQ7x6Hk		]]></document>
	<document><![CDATA[@username De chiste la representate esta. No sabe ni donde carajo esta. Un bocata de chorizo y dices lo que yo quiera, va??		]]></document>
	<document><![CDATA[Vaya baño...#vamosEspaña!!		]]></document>
	<document><![CDATA[RT @username Para mi gusto, muy muy fea la camiseta celeste de la selección.		]]></document>
	<document><![CDATA[RT @username Descárgate la beta de Windows 8 http://t.co/p1Hs73Uo a probarla en vboxxx		]]></document>
	<document><![CDATA[@username A ver si se me termina de bajar y lo pruebo!! :P		]]></document>
	<document><![CDATA[Nada como pagar a los vecinos con su misma moneda...		]]></document>
	<document><![CDATA[Detenidos unos padres por castigar a su hija sin salir de casa http://t.co/y8Fhy5at
Pa mear y no echar gota...		]]></document>
	<document><![CDATA[Full-HD Voice, sonido con calidad CD para nuestras conversaciones telefónicas desde móviles http://t.co/bIhNCQOI		]]></document>
	<document><![CDATA[El regreso | http://t.co/RZvMXXK1 http://t.co/rGLFh2pD vía @username		]]></document>
	<document><![CDATA[@username @username alguien desayunar mañana en el infierno rojo a las 8.00??		]]></document>
	<document><![CDATA[@username @username Ea que tengo clase a las 8.30...		]]></document>
	<document><![CDATA[El lunes....mi renacimiento!!
http://t.co/oFCG4Ur6		]]></document>
	<document><![CDATA[Si es que es oler el café de mi escuela y #mevoyporlapatilla		]]></document>
	<document><![CDATA[@username Ademas al salir me he cruzao a un notas y lo he mirao con to la cara de #telocomistecampeón		]]></document>
	<document><![CDATA[Despiertate a las 11.30 tranquilito, un desayunito way y un padel con los amiguetes. #pasodeterminarlacarrera #vayavidallevopapa		]]></document>
	<document><![CDATA[@username como va la cosa sosio?		]]></document>
	<document><![CDATA[Anteayer Windows me dijo que ni yo le gustaba ni él a mí, pero me lo dijo a su manera: pantallazo azul. Ayer instalé Linux Mint. Me encanta.		]]></document>
	<document><![CDATA[@username Mamón! Vidorra y punto. 17.00 en la sala 10		]]></document>
	<document><![CDATA[RT @username falde falderización!!!! con @username		]]></document>
	<document><![CDATA[Fotomatón: Lo sabía.. (t_d_s p_t_s) http://t.co/t2g0f0Ia vía @username		]]></document>
	<document><![CDATA[Coreografía inspirada en Tron http://t.co/8TlklzDt vía @username		]]></document>
	<document><![CDATA[Voy a venderlo todo!! @username		]]></document>
	<document><![CDATA[@username Envidia cochina!		]]></document>
	<document><![CDATA[Pelícanos en La 2. Son asquerosos cuando nacen. #porunmundosinpelicanosreciennacidos.		]]></document>
	<document><![CDATA[#A3F1Australia Os cargais el GP con bloques de publicidad tan grandes.		]]></document>
	<document><![CDATA[Vivimos en 1 sistema que nos incita a gastar dinero que no tenemos en cosas que no necesitamos para impresionar a gente que no nos importa..		]]></document>
	<document><![CDATA[Tribunal ordena que Rapidshare deberá supervisar cada archivo que se suba en la plataforma http://t.co/kfya09CE vía @username		]]></document>
	<document><![CDATA[Hoy he asistido a la peor forma de dar clase. ¿No se enseña a los profesores de universidad a enseñar? @username @username @username		]]></document>
	<document><![CDATA[@username @username @username @username vosotros os libraia de la quema, claro, si no no os mencionaba. Pero reconoced que algunos.		]]></document>
	<document><![CDATA[@username @username @username @username casos son escandalosos y que haria falta un cambio grande. Bolonia lo cambia??		]]></document>
	<document><![CDATA[@username @username @username @username N

Pfff ... No pido evitarlo. Pido que ni se dé a cabo. Es lo peor con lo que se puede jgar		]]></document>
	<document><![CDATA[Si te caes de boca y de culo la mismo noche es que tus colegas son colegas de verdad. @username @username @username		]]></document>
	<document><![CDATA[Arbitro, cómo te luces macho!!!!		]]></document>
	<document><![CDATA[Arbitro, voy a despellejar a tu madre, mal nacido.		]]></document>
	<document><![CDATA[@username Niñas que van a recibir carbón la próxima navidad.		]]></document>
	<document><![CDATA[@username Te acabas de ganar un poco mas de carbon. Ademas LOS REYES SON LOS PADRES. Ahi llevas enana!!		]]></document>
	<document><![CDATA[@username el dia que me den el permiso de armas...ayyy ese dia....		]]></document>
	<document><![CDATA[@username quitandose del to...o que la una sea coacola		]]></document>
	<document><![CDATA[@username @username fiestaca entonces?? O una y pa casa y me pego una trompá de boca??		]]></document>
	<document><![CDATA[@username Tú antes molabas...		]]></document>
	<document><![CDATA[@username te destrozo!!		]]></document>
	<document><![CDATA[Sánchez Arévalo: A Guardiola le daría un papel tipo Dexter
http://t.co/zd8LxffL vía @username		]]></document>
	<document><![CDATA[Vaya pie izquierdo con que me he levantao cojooooooones!!!! A dormir!!		]]></document>
	<document><![CDATA[Qué es @username con una bolsa atada a la cabeza? Un globo de esos con los que vuela willy fogggggggggggggg		]]></document>
	<document><![CDATA[@username siempre lo fui, y sabes lo peor no?		]]></document>
	<document><![CDATA[Por fin me dais un partido tranquilo, cabrones!!!		]]></document>
	<document><![CDATA[@username Por qué dirán que las mujeres no saben de fútbol... Mou es Dios, y Pepe su hijo en el barro. Broma (lo de las mujeres)		]]></document>
	<document><![CDATA[@username Pago por el espectáculo. Quiero a Mou diciendo burradas y a Pepe matando. Y sigo siendo un Señor del Real Madrid. Barça muerte.		]]></document>
	<document><![CDATA[@username @username Una vez más la crisis esta pone a cada uno en su lugar. Trabajos serios para ganar dinero.		]]></document>
	<document><![CDATA[Leyendo 10 titulares que leeremos en marzo http://t.co/LiSbcRlA		]]></document>
	<document><![CDATA[@username Cuando tengas que lavar, planchar, limpiar, cocinar, estudiar y trabajar vas a llorar por clonar a tu madre, bitch!		]]></document>
	<document><![CDATA[@username Pues eso. Cuando seas padre, [me] comerás los huevos		]]></document>
	<document><![CDATA[Mierda, he abierto Marca y he visto el resultado de la F1 antes de que se retransmita. #EsperarParaNada		]]></document>
	<document><![CDATA[En La 1 sale Messi. El niño mongolito pequeño		]]></document>
	<document><![CDATA[@username Habra entradas para pillarlas a las 5 en taquilla?? Cuanto cuestan mas o menos? Tarde aburria en sevilla...		]]></document>
	<document><![CDATA[@username #EresMasFalsoQue la frase:"a las en punto empiezo a estudiar"		]]></document>
	<document><![CDATA[De cervas con @username @username		]]></document>
	<document><![CDATA[@username Hola carajaula!!		]]></document>
	<document><![CDATA[@username vete a dormi ya y deja de da por culo!!		]]></document>
	<document><![CDATA[#literatura pos pa no decir como un cornudo lo has dicho bien claro perra		]]></document>
	<document><![CDATA[#literatura molaria muchisimo alguna pelea Madre vs. ZORRON		]]></document>
	<document><![CDATA[@username Felicidades :-) Y sacate la mano de la bragueta!!!		]]></document>
	<document><![CDATA[#palabrasquemolan zarrapastroso. Suena a todo lleno de mierda.		]]></document>
	<document><![CDATA[@username Mira que eres negativa eh!! Vente pacá y te divertimos!		]]></document>
	<document><![CDATA[Con las cosas de comer no se juega (Frases, Citas) @username http://t.co/GB1OasoA		]]></document>
	<document><![CDATA[@username Vas a poner ICS??		]]></document>
	<document><![CDATA[Hoy estoy en huelga. Buena excusa pa no hacer ni el huevo...		]]></document>
	<document><![CDATA[@username yo voy a poner la origina con el samsung kies cuando llegue a mi casa que me deje alli el cable. Paso de roms		]]></document>
	<document><![CDATA[Espectacular Raulazo!		]]></document>
	<document><![CDATA[Flipo cómo Google nos encaja a la fuerza su G+. Lo está integrando bien, pero lo veo demasiado forzado…		]]></document>
	<document><![CDATA[Maradona, jamás vas a tener cabeza...		]]></document>
	<document><![CDATA[@username @username Te falta un punto. Aún puedes mejorar.		]]></document>
	<document><![CDATA[Probando Go, el nuevo lenguaje de programación de Google……#procrastinarperohaciendoalgoutil		]]></document>
	<document><![CDATA[@username y un pijote!!		]]></document>
	<document><![CDATA[Acabo de ver REC3. Cómo mezclar gore, miedo y humor…me ha gustado. Hoy, mañana igual no me gustaba!!		]]></document>
	<document><![CDATA[Y para acabar un finde de mierda, ponte malo de la barriga #muertenomelleves		]]></document>
	<document><![CDATA[@username yo tengo unos pocos... :-)		]]></document>
	<document><![CDATA[Acabo de ver de rebote 10 minutos de la serie Toledo. PATETICO.		]]></document>
	<document><![CDATA[@username Siempre dije que los cerdos son unos afortunados		]]></document>
	<document><![CDATA[Desde mi ventana http://t.co/a3S0v4ZY		]]></document>
	<document><![CDATA[@username Si no llueve en todo el año, planea vacaciones 4 días y caerá la de la hostia. #niteorianihostiasestoesasi		]]></document>
	<document><![CDATA[Acaba de publicar una foto http://t.co/WYyZLkaS		]]></document>
	<document><![CDATA[Acaba de publicar una foto http://t.co/hX0Cggle		]]></document>
	<document><![CDATA[Acaba de publicar una foto http://t.co/rQmkSlb6		]]></document>
	<document><![CDATA[Acaba de publicar una foto http://t.co/UskRgVTJ		]]></document>
	<document><![CDATA[Acaba de publicar una foto http://t.co/IDImxAhZ		]]></document>
	<document><![CDATA[Acaba de publicar una foto http://t.co/4CmzwbaO		]]></document>
	<document><![CDATA[Un poquito cansado después de 7h de pateo por la sierra de Cádiz-Málaga. Me merezco unas cerbes. Mañana canoas y caballos. Que wapadaaa!!"		]]></document>
	<document><![CDATA[Acaba de publicar una foto http://t.co/jBfZFOeM		]]></document>
	<document><![CDATA[Acaba de publicar una foto http://t.co/H2WCLlf8		]]></document>
	<document><![CDATA[Un poquito de Quads....:-)		]]></document>
	<document><![CDATA[#4WordsYouDontWantToHear Que chica la tienes		]]></document>
	<document><![CDATA[#4WordsYouDontWantToHear Este es mi novio		]]></document>
	<document><![CDATA[#4WordsYouDontWantToHear Lo siento, soy lesbiana		]]></document>
	<document><![CDATA[Tambien estudiamos!! http://t.co/kJJXumPv		]]></document>
</author>