<?xml version="1.0" encoding="UTF-8" standalone="no"?><author id="4bc77f6c-842d-4319-811f-68ab531b23f0" lang="it">
	<document><![CDATA[Il cantante dei DEVO è il Giovanni Muciaccia di Inghilterra http://t.co/uwImteC		]]></document>
	<document><![CDATA[Il mio Macbook si autodistruggerà lo so		]]></document>
	<document><![CDATA[Per mia nonna meglio melanzane che fiori a centrotavola   @username Viale Roma http://instagr.am/p/J2x0p/		]]></document>
	<document><![CDATA[pessimo http://t.co/OujzgRV #RiotCleanup		]]></document>
	<document><![CDATA[Sto per evadere al sud,  #Sardegna #alghero #CIAO		]]></document>
	<document><![CDATA[@username Ciao Caserta la Sardegna è il mio sud ciao nè		]]></document>
	<document><![CDATA[@username So mezza Salernitana statte zitto va		]]></document>
	<document><![CDATA[I'm at Aeroporto Intercontinentale di Malpensa (MXP) (SS336, Varese) w/ 8 others http://4sq.com/ou8v9b		]]></document>
	<document><![CDATA[@username ricovero coatto!		]]></document>
	<document><![CDATA[Chissà chi ha progettato l interior design di Malpensa.  visto i colori e i pavimenti un 80enne raccomandato dalla Lega #epicfail		]]></document>
	<document><![CDATA[Casa 2 (@username Aeroporto Internazionale di Alghero - Fertilia (AHO) w/ 2 others) http://4sq.com/nXkkEF		]]></document>
	<document><![CDATA[I'm at Piazza Civica (Piazza Civica, Alghero) http://4sq.com/nlckRh		]]></document>
	<document><![CDATA[molto bene“@username: Le prime pagine di oggi: Non sarà facile uscire da questi guai, pare http://t.co/ktekDPj”		]]></document>
	<document><![CDATA[ad_maiora chi aveva ragione ???   @username Ospedale Civile http://instagr.am/p/KAiE2/		]]></document>
	<document><![CDATA[Giavabbe  @username L'Acquolina http://instagr.am/p/KA71V/		]]></document>
	<document><![CDATA[Nipoti  http://instagr.am/p/KBRB0/		]]></document>
	<document><![CDATA[saremo l unico paese nel mondo a festeggiare Natale in differita #crisi #manovra #ciaoberlusconiemigro		]]></document>
	<document><![CDATA[Meduse a fiotti alle bombarde :(		]]></document>
	<document><![CDATA[A parte la birra non ho ancora trovato il luogo giusto per un buon cocktail manca #musica #Alghero		]]></document>
	<document><![CDATA[I'm at Focacceria dal Milese http://t.co/rXEdb50		]]></document>
	<document><![CDATA[“@username: Degli immigrati che arrivano a #Lampedusa lo scoprite prima voi in continente che noi sull isola"		]]></document>
	<document><![CDATA[@username wowwowo ti dedico l aragosta di oggi amica		]]></document>
	<document><![CDATA[Aragosta alla catalana #Alghero #Sardegna #pranzodiferragosto http://t.co/9IA25kQ		]]></document>
	<document><![CDATA[Rap cattivo algherese  @username Il Bombardino http://t.co/BxVCEG0		]]></document>
	<document><![CDATA[@username tuttobello ci siamo messi in spiaggia poi. Suonerai ancora nei prossimi giorni?		]]></document>
	<document><![CDATA[I'm at Cattedrale di Santa Maria http://t.co/CZ0YrnY		]]></document>
	<document><![CDATA[I'm at Parco Giochi (Via Garibaldi, Alghero) http://t.co/o6GdbWb		]]></document>
	<document><![CDATA[@username ho scoperto dai nipoti di Marco che il dolce forno ora è la macchina dei #cupcakes #sapevatelo #justsaying		]]></document>
	<document><![CDATA[@username uh di già! Noi si resta fino al 27 invece		]]></document>
	<document><![CDATA[Focaccia contadina algherese  @username Focacceria dal Milese http://t.co/9gFvNem		]]></document>
	<document><![CDATA[Focaccia del milese  @username Focacceria dal Milese http://t.co/6Rtlhtd		]]></document>
	<document><![CDATA[@username  ora ci sono le macchine sforna cupcake, è il nuovo gioco dell estate l ho visto nelle pubblicità dei cartoni dei nipoti		]]></document>
	<document><![CDATA[I'm at Centro Storico (Centro Storico, Alghero) http://t.co/N4rA34l		]]></document>
	<document><![CDATA[Jazz (@username al refettorio) http://t.co/JlhpIaN		]]></document>
	<document><![CDATA[@username ok bellezza dovremmo tornare proprio il 19, stiamo partendo per un tour in east coast. #civediamoli		]]></document>
	<document><![CDATA[Passando per Sassari ci sono i Candelieri  @username Sassari http://t.co/3sDohfD		]]></document>
	<document><![CDATA[Ora capisco perché ho sempre evitato ilcampeggio #imbranata #tenda		]]></document>
	<document><![CDATA[Mare bello http://t.co/5SbgdGx		]]></document>
	<document><![CDATA[“@username: @username magic #mozzarelladibufala http://t.co/IhiSGEj”dai fammi un servizio sulla bufala		]]></document>
	<document><![CDATA[I'm at Cala Brandinchi (Tahiti) (Cala brandinchi, San teodoro) http://t.co/bVLflmQ		]]></document>
	<document><![CDATA[@username impara presto a far moZzarelle amico ci campi 100anni		]]></document>
	<document><![CDATA[@username se va male almeno magni		]]></document>
	<document><![CDATA[“@username: @username se va male mi affogano con la mozzarella” #recession kills dreams but also eating 1kg of mozzarella does it		]]></document>
	<document><![CDATA[Reading Paul Ginsborg La Storia D Italia -- (@username Piazza Civica) http://t.co/KDTojBQ		]]></document>
	<document><![CDATA[I'm at Piazza Civica (Piazza Civica, Alghero) http://t.co/UVN9t1x		]]></document>
	<document><![CDATA[I'm at Centro Storico (Centro Storico, Alghero) http://t.co/1RMhNT6		]]></document>
	<document><![CDATA[I'm at Via Michelangelo 2 (Alghero) http://t.co/1qzm3vU		]]></document>
	<document><![CDATA[I'm at Pizzeria Nettuno http://t.co/BfGnqlL		]]></document>
	<document><![CDATA[I'm at Spiaggia Le Bombarde (Fertilia) http://t.co/zExKaLa		]]></document>
	<document><![CDATA[I'm at Cantine Paolo Dettori Srl (Via Vittorio Emanuele, 80, Alghero) http://t.co/LeHDJdK		]]></document>
	<document><![CDATA[I'm at Bon Bons Dolci Sardi (Via Einaudi 25, Kennedy, Alghero) http://t.co/HxygpAn		]]></document>
	<document><![CDATA[Bimbi in libera uscita  @username Piazza della Mercede http://t.co/AkLychg		]]></document>
	<document><![CDATA[@username  sei il capo del British! #cinziullicapo		]]></document>
	<document><![CDATA[I'm at Spiaggia Le Bombarde (Fertilia) http://t.co/L68eeCj		]]></document>
	<document><![CDATA[Tillica sarda  @username Panetteria Bocconcino http://t.co/SqPJ1Yf		]]></document>
	<document><![CDATA[Bastioni  @username Centro Storico http://t.co/17jRFvF		]]></document>
	<document><![CDATA[Casa catalana  @username Bastioni! http://t.co/NDZnyX4		]]></document>
	<document><![CDATA[Giostra a bicicletta  @username Alghero Piazza Sulis http://t.co/UiV0Kd8		]]></document>
	<document><![CDATA[#hovistoGheddafi bere la cedrata Tassoni al Porto di Alghero, si avvicina alla Sardegna per dire #grazieberlusconi		]]></document>
	<document><![CDATA[I'm at Spiaggia La Pelosa (Località Rocca Ruja, Stintino) http://t.co/TpbsIth		]]></document>
	<document><![CDATA[I'm at Centro Storico (Centro Storico, Alghero) http://t.co/nRFHWck		]]></document>
	<document><![CDATA[Riti pagani   @username Muralla del Carme - Bastioni http://t.co/8rcm1ua		]]></document>
	<document><![CDATA[I'm at Bastioni! (Altstadt, Alghero) http://t.co/RizCSq3		]]></document>
	<document><![CDATA[Ravioli alla bottarga, tonno fresco e pomodoro  http://t.co/pZYbhNT		]]></document>
	<document><![CDATA[I'm at Piazza della Mercede (Piazza della Mercede, Alghero) http://t.co/npcgeMb		]]></document>
	<document><![CDATA[I'm at Ristorante Andreini (Via Androini, Alghero) http://t.co/IPp48oL		]]></document>
	<document><![CDATA[I'm at Spiaggia Mugoni [pic]: http://t.co/xkFiByD		]]></document>
	<document><![CDATA[I'm at Spiaggia Le Bombarde (Fertilia) http://t.co/uxcop87		]]></document>
	<document><![CDATA[I'm at Aeroporto Internazionale di Alghero - Fertilia (AHO) (Regione Nuraghe Biancu, Alghero) w/ 3 others http://t.co/4JZKtjy		]]></document>
	<document><![CDATA[I'm at Parco Le Bombarde (07041 Alghero Sassari, Alghero) http://t.co/zrunY5p		]]></document>
	<document><![CDATA[Disagi in tram   @username Palazzo Sormani Andreani http://t.co/CMVrtyU		]]></document>
	<document><![CDATA[@username E' la dura legge dei poveri		]]></document>
	<document><![CDATA[@username appena ho letto accredito ho vomitato. accredito è #milano , milano è poco digeribile		]]></document>
	<document><![CDATA[@username Certo, è il metodo per fare cassa. Con la musica non ci si condisce la pastasciutta		]]></document>
	<document><![CDATA[I'm at Günther Stube (Via Agogna, 1, Via Maestra, Novara) http://t.co/p1mLnJJ		]]></document>
	<document><![CDATA[I'm at Parco delle Betulle (viale G. Cesare, via Fornara, Novara) http://t.co/AvIhFv2		]]></document>
	<document><![CDATA[I'm at Parco Dei Bambini (Viale Michelangelo Buonarroti, Viale Mora e Gibin, Novara) http://t.co/7aTnrYP		]]></document>
	<document><![CDATA[Ritiro spirituale (@username Via Ariosto) http://t.co/dv49c2h		]]></document>
	<document><![CDATA[“@username: @username vedemose” si dopo il 7 sto studiando per due esami		]]></document>
	<document><![CDATA[@username che figata #food		]]></document>
	<document><![CDATA[@username invidia		]]></document>
	<document><![CDATA[#food@username: Oggi primo giorno di Taste a Milano. Grtandi magnate all'orizzonte! http://t.co/2ThANqxk #festival #food #Milano #chef		]]></document>
	<document><![CDATA[@username Ciao bellezza, si l'ho scaricato e direi che va benissimo! Brava nè! Come va? news? #goodsound		]]></document>
	<document><![CDATA[@username no no  Siamo ancora in debito di un risotto thai! Appena esco fuori dai deliri organizziamo! Così ci racconti #welovebignews		]]></document>
	<document><![CDATA[@username potresti usare la ricotta invece del Philadelphia, i grancereale al posto dei Digestive.		]]></document>
	<document><![CDATA[30 e lode con 38 di febbre accresce l autostima		]]></document>
	<document><![CDATA[Vorrei tanto essere sui Navigli alla festa di #adidas invece economia aziendale e sociologia #piattoricco		]]></document>
	<document><![CDATA[Il futuro passa dai batteri, ve lo spiego meglio qui http://t.co/gL2Zd0qI #ecromi #machedavero		]]></document>
	<document><![CDATA[Ovvi vi insegno a fare il #Whiskey in casa in tempo per servirlo a Natale http://t.co/ywHMrMIz		]]></document>
	<document><![CDATA[Primo giorno senza esami, ho quasi finito si va verso la tesi #soddisfazione		]]></document>
	<document><![CDATA[Ho intervistato un food interaction designer: cosa fa? Stampa cibo e  recupera vecchi taglieri della nonna http://t.co/ao4AmXsW		]]></document>
	<document><![CDATA[Sto testando #foodily per ora non convince http://t.co/fTe2iXdg		]]></document>
	<document><![CDATA[Se vieni De glassato, non è giusto che tu aggiunga più burro. Ne hai già versato abbastanza.http://t.co/iu41178A #OccupyWallStreet		]]></document>
	<document><![CDATA[L'italiano non è l'italiano http://t.co/OqFLD7xg		]]></document>
	<document><![CDATA[I'm at garbati (Via Andrea Maria Ampère, 28, Via Giovanni Pacini, Milano) http://t.co/MGosMqEh		]]></document>
	<document><![CDATA[I'm at Scaringi (via Pacini, Milano) http://t.co/pPLrd40z		]]></document>
	<document><![CDATA[Cavatelli alla crema di funghi per pranzo  @username Digital Media Research http://t.co/sQM6SY5l		]]></document>
	<document><![CDATA[Ingredienti: prezzemolo aglio sale pepe funghi e panna fresca  @username Digital Media Research http://t.co/V8gPDq6M		]]></document>
	<document><![CDATA[I'm at Museo della Scienza e della Tecnologia (Via San Vittore, 21, Milano) http://t.co/ztK4BYWu		]]></document>
	<document><![CDATA[Stucked in the tube (@username Tunnel di Porta Nuova) http://t.co/fJmyoxOm		]]></document>
</author>