<?xml version="1.0" encoding="UTF-8" standalone="no"?><author id="51ee89ab-4285-4316-bf85-42f8ed0bfc8c" lang="it">
	<document><![CDATA[#37 - Happy you, happy all!
- Contento te, contenti tutti! http://t.co/Z2yLKrib		]]></document>
	<document><![CDATA[#39 - Todayday.
- Oggigiorno http://t.co/5piazACs		]]></document>
	<document><![CDATA[#46 - Case never.
- Casomai http://t.co/RueKksvj		]]></document>
	<document><![CDATA[#49 - Do your facts.
- Fatti i fatti tuoi http://t.co/oqXvpJEc		]]></document>
	<document><![CDATA[#56 - Who doesn't piss in company or is a thief or a spy. - Chi non piscia in compagnia, o è un ladro o una spia http://t.co/TOBZKjRx		]]></document>
	<document><![CDATA[#58 - He gave me an opinion. - Mi ha dato un parere http://t.co/c8Sd4RuO		]]></document>
	<document><![CDATA[#60 - I don't have the more pale idea.
- Non ne ho la più pallida idea http://t.co/B5RHLW2S		]]></document>
	<document><![CDATA[#66 - It's made a certain. - S'é fatta una certa http://t.co/qDH05IdN		]]></document>
	<document><![CDATA[#73 - He is a good bigtime.
- è un buontempone http://t.co/i0Mjijim		]]></document>
	<document><![CDATA[#74 - One thing at vault. (Courtesy of A. Castelletti)
- Una cosa alla volta http://t.co/Rqk66EKK		]]></document>
	<document><![CDATA[#79 - I'm dis-villaged.
- Sono Spaesato http://t.co/hXtlNj2t		]]></document>
	<document><![CDATA[#79 - Do we hit the indolence!?
- Battiamo la fiacca!? http://t.co/hHkKF0H1		]]></document>
	<document><![CDATA[#82 - Here the dead escapes.
- Qui ci scappa il morto http://t.co/ZR2ywacU		]]></document>
	<document><![CDATA[#84 - If much gives to me much.
- Se tanto mi da tanto http://t.co/ygpUk96C		]]></document>
	<document><![CDATA[#86 - Elbow's oil.
- Olio di gomito http://t.co/oS7kHaY7		]]></document>
	<document><![CDATA[#92 - Coffee and cigarette, shit perfect.
- Caffè e sigaretta, cagata perfetta http://t.co/lb876o4i		]]></document>
	<document><![CDATA[I'm at Valtellina (SO) http://t.co/Q9Yupjsw		]]></document>
	<document><![CDATA[I'm at Rifugio Salmurano (Gerola Alta, SO) [pic]: http://t.co/GtAJj6jW		]]></document>
	<document><![CDATA[#101 - Of first fur.
- Di primo pelo http://t.co/WEv7gUdY		]]></document>
	<document><![CDATA[#106 - You undervalue me.
- Mi sottovaluti http://t.co/sHuglq8k		]]></document>
	<document><![CDATA[#107 - The life is not all roses and flowers. - La vita non è tutta rosa e fiori http://t.co/H7dgq6uy		]]></document>
	<document><![CDATA[#111 - Save goat and cabbages.
- Salvare capra e cavoli http://t.co/hkztibcb		]]></document>
	<document><![CDATA[Ho preso una foto http://t.co/JiMS7VKm		]]></document>
	<document><![CDATA[I'm at Done! Digital (Milano, Italia) http://t.co/qak8NWVf		]]></document>
	<document><![CDATA[Sta aera mi guardooo... http://t.co/AcWCIimg		]]></document>
	<document><![CDATA[#116 - Idiot's mother is always pregnant.
- La madre degli idioti è sempre incinta http://t.co/Kwc51KKV		]]></document>
	<document><![CDATA[I'm at Stazione Milano Centrale (Milano, MI) w/ 24 others http://t.co/4I9RNYmx		]]></document>
	<document><![CDATA[Capisci che sei a casa quando la luce delle baite si confonde con quella delle stelle. (@username Valtellina) http://t.co/UIIvntVz		]]></document>
	<document><![CDATA[#121 - I apple cable. - io me la cavo http://t.co/TmMD8hmD		]]></document>
	<document><![CDATA[I'm at Stazione Monza (Monza, MB) http://t.co/9aYCYYNy		]]></document>
	<document><![CDATA[I'm at Done! Digital (Milano, Italia) http://t.co/yYbfPink		]]></document>
	<document><![CDATA[#126 - Die the avarice!
- Crepi l'avarizia http://t.co/GJHBevWj		]]></document>
	<document><![CDATA[Ho appena pubblicato una foto http://t.co/sAxHIBGs		]]></document>
	<document><![CDATA[Ho appena pubblicato una foto http://t.co/szibKkEH		]]></document>
	<document><![CDATA[I'm at Done! (Milano, Italia) http://t.co/oRSvu9q8		]]></document>
	<document><![CDATA[Pülenta taragna e cazzöla celebrating my dad's birthday! http://t.co/36n0LLEC		]]></document>
	<document><![CDATA[E via un altro... http://t.co/EMp9Z6Be		]]></document>
	<document><![CDATA[#136 - Almost almost. - Quasi quasi http://t.co/1W4ZDRmW		]]></document>
	<document><![CDATA[#137 - Who more have, more put. - Chi più ne ha, più ne metta http://t.co/4L4vBYuF85		]]></document>
	<document><![CDATA[Ho appena pubblicato una foto http://t.co/EJZdxwZZqz		]]></document>
	<document><![CDATA[#141 - When is much is much. - Quando è troppo è troppo http://t.co/4z6cB5w2e5		]]></document>
	<document><![CDATA[#142 - Rich plate, I jump in it. - Piatto ricco mi ci ficco http://t.co/HTbvxSgCan		]]></document>
	<document><![CDATA[C'é chi prima di andare a letto si fa una tisana e chi... http://t.co/AFwe0eY0Ax		]]></document>
	<document><![CDATA[Ho appena pubblicato una foto http://t.co/aaedSqYGhn		]]></document>
	<document><![CDATA[#148 - Eye’s tail. - Coda dell’occhio http://t.co/Mas4UvGe9y		]]></document>
	<document><![CDATA[Aspettando la cannella... -.-' @username maniach http://t.co/HSYCnAUxT7		]]></document>
	<document><![CDATA[#154 - The game doesn’t values the candle. - Il gioco non vale la candela http://t.co/yoXqteP4BN		]]></document>
	<document><![CDATA[#160 - Ah! This is beautiful! - Ah! Questa è bella!  http://t.co/yU80kkyAGf		]]></document>
	<document><![CDATA[#161 - Style’s fall. - Caduta di stile http://t.co/x9D3tJByVR		]]></document>
	<document><![CDATA[#162 - You want do ugly. (Feat. A. Castelletti & C. Galeazzi) - Vuoi far brutto!? http://t.co/SOg8kVxy5z		]]></document>
	<document><![CDATA[Scarica gratis #PersonalJobbing il libro di @username e pellizzari  http://t.co/mfXNe9Xm0O		]]></document>
	<document><![CDATA[#165 - A face of occurrence. (Courtesy of C. Galeazzi) - Una faccia di circostanza http://t.co/MnL5j3uXxl		]]></document>
	<document><![CDATA[Ho appena pubblicato una foto http://t.co/AUGWQVyMYJ		]]></document>
	<document><![CDATA[Ho appena pubblicato una foto http://t.co/oInSF8ENvO		]]></document>
	<document><![CDATA[#176 - The underwritten. - Il sottoscritto http://t.co/FHJkO9urDp		]]></document>
	<document><![CDATA[ore e ore di duro lavoro... valeruffo http://t.co/nATFd8eaNQ		]]></document>
	<document><![CDATA[#183 - On top of the tongue. - Sulla punta della lingua http://t.co/UFRg0bkiZf		]]></document>
	<document><![CDATA[un week end impegnato http://t.co/lYkYTJn6U3		]]></document>
	<document><![CDATA[#187 - Conference print. (Courtesy of A. Castelletti) - Conferenza stampa http://t.co/CUwvyK83En		]]></document>
	<document><![CDATA[#196 - We are point and at chief. - Siamo punto e a capo http://t.co/CNi33ihvlc		]]></document>
	<document><![CDATA[Ho appena pubblicato una foto http://t.co/IkSNg5piXa		]]></document>
	<document><![CDATA[#197 - Don’t give nothing for sale. - Non dare nulla per scontato http://t.co/MmysOw7Gkt		]]></document>
	<document><![CDATA[#198 - Pause of reflexion. - Pausa di riflessione http://t.co/fHEMR6Q8Qo		]]></document>
	<document><![CDATA[#207 - Cooked Bran (feat. A. Castelletti) - Cruscotto http://t.co/mnLcOrG0Ol		]]></document>
	<document><![CDATA['Notte. BOOOOOM.  http://t.co/x0DGAzkyt8 via @username		]]></document>
	<document><![CDATA[#211 - I’ll be Frank. - Sarò Franco http://t.co/n7lfm5rrkZ		]]></document>
	<document><![CDATA[Nel bene e nel Malissimo, sempre con la Beneamata! #solointer grazie chiamarzagalli http://t.co/QMGOrqTQx4		]]></document>
	<document><![CDATA[Solaia 2007 e Bitto. http://t.co/QjpdQtVVJB		]]></document>
	<document><![CDATA[pianomorbegnocity #mozart #jeunehomme http://t.co/lpdqcZGI49		]]></document>
	<document><![CDATA[#218 - In four and four eight. - In quattro e quattr’otto http://t.co/lib8dUAdGg		]]></document>
	<document><![CDATA[#221 - Underdesk. - Sottobanco http://t.co/04JHxmx6PI		]]></document>
	<document><![CDATA[Nelson Mandela malato: ricoverato in condizioni critiche http://t.co/oYLkJj5Mak via @username		]]></document>
	<document><![CDATA[#256 - Nobody runs us back. - Non ci corre dietro nessuno http://t.co/7ybhSeblIB		]]></document>
	<document><![CDATA[#262 - To scustoms. (Feat. A. Castelletti) - Sdoganare http://t.co/8F2ZdAyIqO		]]></document>
	<document><![CDATA[#265 - The night brings suggestion. - La notte porta consiglio http://t.co/kn8C2dbQAZ		]]></document>
	<document><![CDATA[#270 - Holy patience. (Courtesy of A. Castelletti) - Santa Pazienza http://t.co/ISi3mbJ18U		]]></document>
	<document><![CDATA[#271 - He left the sign. - Ha lasciato il segno http://t.co/d4paVDIlWB		]]></document>
	<document><![CDATA[#277 - Clear agreement, long friendship. (Feat. M. Spreafico) - Patti chiari, amicizia lunga http://t.co/ua1OephMYi		]]></document>
	<document><![CDATA[#281 - I am all hears.  - Sono tutto orecchie http://t.co/Shcq26hijP		]]></document>
	<document><![CDATA[#284 - Nonostand. (Feat. A. Castelletti) - Nonostante http://t.co/fpdBB1ory5		]]></document>
	<document><![CDATA[Mi sono appena iscritto a Spotify Unlimited! http://t.co/IP1a029M6P		]]></document>
	<document><![CDATA[#291 - This is a ugly cat female to peel. - Questa è una brutta gatta da pelare http://t.co/SJRQEXDd7j		]]></document>
	<document><![CDATA[#298 - To also. (Feat. Bubani) - Ancheggiare  http://t.co/g3lJ1iXmDl		]]></document>
	<document><![CDATA[#299 - Me trash! - Mi rifiuto! http://t.co/jsT6hyfuK2		]]></document>
	<document><![CDATA[#302 - I’m still in dance. (Feat. A. Castelletti) - Sono ancora in ballo http://t.co/dPVhSi7uAq		]]></document>
	<document><![CDATA[#303 - At tape. (Feat. A. Castelletti) - A nastro http://t.co/JhZ7SY0Cyk		]]></document>
	<document><![CDATA[#315 - Of long landscape. (Feat. A. Castelletti) - Di lunga veduta http://t.co/v9NbqtHHPa		]]></document>
	<document><![CDATA[#318 - Electric take. (Feat. A. Castelletti) - Presa elettrica http://t.co/5O5OTBHFSy		]]></document>
	<document><![CDATA[#319 - Dishalfing. (Feat. A. Castelletti) - Smezzare http://t.co/J2YlloOQ4R		]]></document>
	<document><![CDATA[#323 - Applesign. - Me la segno http://t.co/nQDhIUdmqt		]]></document>
	<document><![CDATA[#324 - Outside hand. (Feat. A. Castelletti) - Fuori mano  http://t.co/P7Sy4Qbgcl		]]></document>
	<document><![CDATA[Supercoppa , Olimpico esaurito - Calcio - Sport - Libero News http://t.co/O4WFqgjO6y		]]></document>
	<document><![CDATA[#327 - I’m not in degree. - Non sono in grado http://t.co/pOQaAAFLHZ		]]></document>
	<document><![CDATA[#331 - Give straight. - Dare retta http://t.co/dyal935UEC		]]></document>
	<document><![CDATA[WebExpo 2013 a Praga: intervista a Carlo Frinolli -  http://t.co/3A9yoObi8R via @username		]]></document>
	<document><![CDATA[#337 - A moment of freeze. (Feat. A. Castelletti) - Un momento di gelo http://t.co/lsWCfOj5YT		]]></document>
	<document><![CDATA[I favorited a @username video http://t.co/ZUN5cZtsDT Musica instrumental venezolana. Joropo venezolano, "Sr. Camacaro" de Rafael		]]></document>
	<document><![CDATA[#340 - Pin drive out pin. (Courtesy of A. Castelletti) - Chiodo scaccia chiodo http://t.co/au5YKGb2GW		]]></document>
	<document><![CDATA[I favorited a @username video from @username http://t.co/UwveBhlhaQ Spinetta, El Video		]]></document>
	<document><![CDATA[#344 - Foreigndone.  - Esterrefatto http://t.co/ZP0F8R2lqE		]]></document>
</author>