<?xml version="1.0" encoding="UTF-8" standalone="no"?><author id="7cd1212f-bf48-45d3-bb13-e221cce0214a" lang="it">
	<document><![CDATA[@username speriamo è un po' che ne sento parlare e che aspetto... :-)		]]></document>
	<document><![CDATA[Coffe and landscape #almostblur  @username Facoltà di Sociologia - Università degli Studi di Urbino "Carlo Bo" http://t.co/0po1ISRq		]]></document>
	<document><![CDATA[si sappia che @username è uno che ti molla nel momento del bisogno... :-)		]]></document>
	<document><![CDATA[@username secondo me @username lo farebbe anche in quel caso...		]]></document>
	<document><![CDATA[News-italia: lo scenario Italiano ed Europeo a confronto: http://t.co/2Qgs5dGi #newsitalia		]]></document>
	<document><![CDATA[@username Di che parli? Io oggi sono in mezzo trasloco ...		]]></document>
	<document><![CDATA[Foto appena pubblicata  @username Palazzo Ducale http://t.co/xL9qJay5		]]></document>
	<document><![CDATA[@username non credere di comprarmi con così poco.. serpeverde!		]]></document>
	<document><![CDATA[@username io sono il grifondoro che ti batte nei duelli di magia...		]]></document>
	<document><![CDATA[che poi ad un certo punto uno si rompe un po' i coglioni		]]></document>
	<document><![CDATA[@username ah ah ah grazie per la comprensione :-)		]]></document>
	<document><![CDATA[Inizial'incontro con @username al corso di sociologia dei new media a @username #larica #newmedia #twitter http://t.co/xnUd2MYr		]]></document>
	<document><![CDATA[@username ottimo lavoro! Dobbiamo cambiare quel poster con Marylyn !		]]></document>
	<document><![CDATA[@username Ma il digital outreach team è la versione  della politica estera dei Microsoft MVP ? :-)		]]></document>
	<document><![CDATA[@username hai aspettato tre giorni ?		]]></document>
	<document><![CDATA[@username che poi l'omino degli (anti)cicloni è decisamente esterofilo... mai un Mario un Luca... un Giovanni... Bah		]]></document>
	<document><![CDATA[Qualcuno informa il cielo sopra Urbino del significato del termine anticiclone ... http://t.co/OBa6VytW		]]></document>
	<document><![CDATA[Caro #pottermore come diavolo ti salta in mente di tradurre l'incantesimo Full Body-Bind come "incantesimo delle pastoie total-body"?!		]]></document>
	<document><![CDATA[Buon 25 Aprile  @username Palestra roccia Pennarossa http://t.co/k9BL4jhz		]]></document>
	<document><![CDATA[Piazzagrande  @username Piazza Maggiore http://t.co/oRcqfTLl		]]></document>
	<document><![CDATA[Mario http://t.co/CySIlKgb		]]></document>
	<document><![CDATA[c'è un motivo noto per cui internet oggi all'#uniurb sembra funzionare a carbonella? @username		]]></document>
	<document><![CDATA[@username e si che sono anche venuto a salutarti quando sono uscito di casa... ;-)		]]></document>
	<document><![CDATA[@username mmm no.. ma la piadina forse era scaduta :-D		]]></document>
	<document><![CDATA[@username poteva sempre piovere ... #hugs		]]></document>
	<document><![CDATA[Stasera sono a #vicinolontano e più tardi presento 7 min su social for change... #accentosulverde		]]></document>
	<document><![CDATA[Chi mi suggerisce una frase ad effetto sul tema futuro e sostenibilità per chiudere il mio intervento di questa sera?		]]></document>
	<document><![CDATA[#vicinolontano vista la presentazione del progetto freeijis di Caterina Falleni: fighissimo. In bocca al lupo.		]]></document>
	<document><![CDATA[@username ah ah ah di chi è che almeno cito ?		]]></document>
	<document><![CDATA[@username ah ah ah bellissimo :-) ( ti riautorizzo per la cosa dell'ici alla chiesa...)		]]></document>
	<document><![CDATA[L'ho incontrata Venerdì.. questo è decisamente un progetto interessante - gonews.it: http://t.co/mncPFgAk		]]></document>
	<document><![CDATA[Oggi @username - autore di "avanti popolo"- a lezione di #sociologiadeinewmedia @username		]]></document>
	<document><![CDATA[Alessandro Lanni a lezione a Sociologua dei New Media... Si noti la famosa cattedra dell'aula C2 ;-) http://t.co/W5G8LcQt		]]></document>
	<document><![CDATA[@username dai non dargli corda .... ;-) @username		]]></document>
	<document><![CDATA[@username ;-) noi abbiamo fatto il saltodi qualità ... #mancanosololegalline !!		]]></document>
	<document><![CDATA[La pubblicità della seconda stagione di #GameofThrones ( prossimamente su SKY cinema HD) su Radio24, la dice lunga ...		]]></document>
	<document><![CDATA[@username se ti ripigli anche in serate urbicchio ti aspetta #tempoperfettoperunaperitivo		]]></document>
	<document><![CDATA[Partecipazione politica e SNS... Sentiamo un po' ...  @username Facoltà di Sociologia http://t.co/i70CRD6K		]]></document>
	<document><![CDATA[Il sindaco di Urbino è spaventato dalle reazioni individuali (e non controllate) che i suoi cittadini possono avere su facebook ... #uniurb		]]></document>
	<document><![CDATA[@username ti dico solo che manca un habshtag ...		]]></document>
	<document><![CDATA[Un convegno che inizia con i primi tre relatori che ammettono che il tema è di grande attualità ma loro non ne sanno niente... A va beh...		]]></document>
	<document><![CDATA[@username mi sa che inizio a giocare a FIFA ... O a draw something!		]]></document>
	<document><![CDATA["attenzione che la comunicazione online è impulsiva" è quanto di meglio
il politico italico riesce ad escogitare...		]]></document>
	<document><![CDATA[@username ;-) però qui sono @username		]]></document>
	<document><![CDATA["Possiamo velocizzare?" "ah possiamo velocizzare ma qualcosa devo dire" #siparietticomici @username		]]></document>
	<document><![CDATA[@username ho la sensazione che sarà una collezione interessante...		]]></document>
	<document><![CDATA[Va beh quelli che sono a @username per il convegno su sns e partecipazione... Decidiamo un hashtag ?		]]></document>
	<document><![CDATA[@username @username @username @username @username #pasocial venduto!		]]></document>
	<document><![CDATA[L'equivalenza "customer = cittadino" è un tantino problematica ... #pasocial		]]></document>
	<document><![CDATA[#pasocial si ma le slide full screen ... Please!		]]></document>
	<document><![CDATA[#pasocial e il sindaco di Urbino se ne va quando inizia a parlare il country manager di FB Italia ... Tempismo perfetto.		]]></document>
	<document><![CDATA[Erogare un servizio a 526M di con 3500 persone nel mondo (facebook) è indubbiamente una bella sfida #pasocial		]]></document>
	<document><![CDATA[Il senso delle slide di FB è molto broadcaster ... Numeri, meglio se grossi. Pensavo fossero più tagliate sulla profilazione. #pasocial		]]></document>
	<document><![CDATA[A me FB piace ma farsi dire dal suo country manager se è una moda passeggera o meno è come chiedere al venditore se la merce è buona...		]]></document>
	<document><![CDATA[#pasocial si ma sui ristoranti italiani due spaghi batte tripadvisor a mani basse :-)		]]></document>
	<document><![CDATA[@username certo che anche tu hai delle strane pretese... #pasocial		]]></document>
	<document><![CDATA[#pasocial adesso poi solleviamo i temi del controllo ... #eugenylottaconnoi		]]></document>
	<document><![CDATA[#pasocial Ok adesso mettiamo via la P di pubblicità e riprendiamo la P di partecipazione...		]]></document>
	<document><![CDATA[#pasocial ok facebook vuole essere la
Piattaforma abilitante per arricchire del layer social ogni esperienza.		]]></document>
	<document><![CDATA[@username strizza l'occhio alla platea citando il backchannel su #pasocial well done ;-)		]]></document>
	<document><![CDATA[#pasocial è evidente che Colombo ignora completamente le norme italiane sull'accessibilità ( e non è detto che faccia male eh..)		]]></document>
	<document><![CDATA[Nel giorno medio: 13M di utenti facebook su 13,4M di utenti internet (ita).		]]></document>
	<document><![CDATA[@username ;-) dipende da chi ti paga ...		]]></document>
	<document><![CDATA[#pasocial "in mano a chi gestisce i social network c'è un patrimonio da gestire" e che questo sia in mano ad aziende private è un fatto.		]]></document>
	<document><![CDATA[#pasocial ed il politico giustifica subito il ministero dell'interno "ma adesso hanno altro da fare" #nohope		]]></document>
	<document><![CDATA[#pasocial scontro sulla possibilità si uso dei sns in un comune di piccole dimensioni... #fight!		]]></document>
	<document><![CDATA[#pasocial ohhh Fava solleva il problema di cos'è oggi la partecipazione politica! Ohhhh!		]]></document>
	<document><![CDATA[@username ma come il meraviglioso sistema di autenticazione triste!!!		]]></document>
	<document><![CDATA[@username questo http://t.co/xiRzWYhq non credo abbia tutti i torti cmq...		]]></document>
	<document><![CDATA[@username infatti l'equazione  lineare tecnologia  e open data => partecipazione è una forma di determinismo discutibile. @username		]]></document>
	<document><![CDATA[Ed il responsabile dell'innovazione del
Comune di Fano (?) che ha sviluppato l'open surce per non pagare le licenze a Microsoft #pasocial		]]></document>
	<document><![CDATA[#pasocial  ah ah ah ah questo da solo vale il biglietto.		]]></document>
	<document><![CDATA[@username che la tecnologia sia semento per dinamiche sociali è una prospettiva deterministica un po' debole alla lunga #tidevounlibro		]]></document>
	<document><![CDATA[#pasocial Ahhh e siamo tornati ai bei vecchi tempi andati quando si andava alla sezione del partito!		]]></document>
	<document><![CDATA[@username accesso ed uso sono due variabili la cui relazione (che esiste) è quanto meno complessa		]]></document>
	<document><![CDATA[@username sono scappato a tagliarmi i capelli ;-) ciao ciao		]]></document>
	<document><![CDATA[@username i dati li ha dati Luca Colombo di Facebook Italia e si, sono incluso accesso mobile per FB @username		]]></document>
	<document><![CDATA[Mannaggia ai sogni campestri .... #nofilter #igersmarche  http://t.co/Igfzx4Tk		]]></document>
	<document><![CDATA[Il monte della strega #igersmarche #nofilter   @username Villa Monterosso http://t.co/RXWl1f8Z		]]></document>
	<document><![CDATA[Super fila in uscita a Rimini-nord ma dove andate tutti che domani piove ?! #autostrade		]]></document>
	<document><![CDATA[#Quinta4President perché il livello politico sappia che a questa nomina verranno fatte ben più che le pulci... #politicoavvisato @username		]]></document>
	<document><![CDATA[In attesa di scoprire la nuova campagna di comunicazione di @username #uniurb http://t.co/ltUb3xw4		]]></document>
	<document><![CDATA[Il governo Israeliano si apre agli open data http://t.co/bvkdLMBq #opengov non sarebbe ora che accadesse anche qui?		]]></document>
	<document><![CDATA[La presentazione della nuova  campagna @username #uniurb ... In 3D http://t.co/dEnCfPXa		]]></document>
	<document><![CDATA[@username @username quello è il manifesto speciale per i fanboy LaRiCA		]]></document>
	<document><![CDATA[@username LOL a pranzo faccio le foto a GBA e poi lo faccio 3D ;-) (@username)		]]></document>
	<document><![CDATA[Se un articolo in Inglese di 20 pagine costituisce un problema ... #siammessimale		]]></document>
	<document><![CDATA[@username @username oggi mi hanno detto che gli articoli in inglese li "leggono con google translate"... ho avuto paura. :-)		]]></document>
	<document><![CDATA["magari non serve quantificarla"... invece secondo me è sempre bene quantificare le cifre.		]]></document>
	<document><![CDATA[@username se vuoi ti posso consigliare un posto dove NON andare...		]]></document>
	<document><![CDATA[@username http://t.co/1TzKcbpf da evitare come la peste...		]]></document>
	<document><![CDATA[@username beh dai tu mandalo su http://t.co/qhug96t4 e digli che poteva pensare una scusa migliore		]]></document>
	<document><![CDATA[@username qui appena sentito credo che anche da @username non sia stato fortissimo		]]></document>
	<document><![CDATA[Latest issue of Sociologia della Comunicazione ie out (http://t.co/JSRT7VNZ) inside @username interviews @username  ;-)		]]></document>
	<document><![CDATA[dati alla mano l'informazione su Twitter per quanto riguarda il #terremoto in emilia è passata da @username e @username		]]></document>
	<document><![CDATA[@username che i due maggiori "informatori" sul tema sono quei due account		]]></document>
	<document><![CDATA[“@username: Prende 110 e lode il 42% dei laureati magistrali e il 13% dei laureati di primo livello.” voti troppo troppo alti...		]]></document>
	<document><![CDATA[I discorsi sulla superficialità dell'accesso al sapere che fate oggi sulla rete a #farenheit li facevano sull'enciclopedia #Rai #radio3		]]></document>
	<document><![CDATA[@username e siamo a posto... ;-)		]]></document>
	<document><![CDATA[Meno male che a Bologna ho ancora una bici... Prima o poi arriverò a #mm4		]]></document>
</author>