<?xml version="1.0" encoding="UTF-8" standalone="no"?><author id="91fc3305-01d1-4f0c-a67f-969f42c0473c" lang="it">
	<document><![CDATA[Buongiorno! :D		]]></document>
	<document><![CDATA[La mia bussola...da seguire? #mumblemumble http://t.co/CY1dlaxf		]]></document>
	<document><![CDATA[Il frego di Dado nn è molto affidabile. Panna spray scadenza 11.2011 -.-		]]></document>
	<document><![CDATA[Un po' di body attack fa bene :) (@username Orange Palestra) [pic]: http://t.co/7MS3iwXa		]]></document>
	<document><![CDATA[Buone :) (@username Gelateria La Romana) [pic]: http://t.co/CYyBOIY0		]]></document>
	<document><![CDATA[Arisa "La Notte"...bella canzone davvero #sanremo		]]></document>
	<document><![CDATA[Sta diventando la mia droga :)  @username Busters Coffee http://t.co/IQrUwhTv		]]></document>
	<document><![CDATA[@username ahaha :D dai è un bel posto dove studiare....non la solita noiosa aula studio :)		]]></document>
	<document><![CDATA[@username Sono qui col mio caffè americano e tre bustine di zucchero...wifi gratis. Potrei viverci qua dentro :P uhh fanno pure i pancake		]]></document>
	<document><![CDATA[Soldini (pochi) (@username Intesa San Paolo) http://t.co/MYaU7bur		]]></document>
	<document><![CDATA[Una delle piazze più belle di Torino (@username Piazza San Carlo) [pic]: http://t.co/M0LDJvQ3		]]></document>
	<document><![CDATA[Studio -.- (@username Aula Studio "Verdi") http://t.co/NgPTJkqp		]]></document>
	<document><![CDATA["All you need is love"...l'amore è solo per gli etero. secondo #sanremo		]]></document>
	<document><![CDATA[Pranzo sano :) (@username McDonald's) [pic]: http://t.co/kJsN7xTz		]]></document>
	<document><![CDATA[Stanco :( http://t.co/IHtBb9z9		]]></document>
	<document><![CDATA[Cena :) (@username Aula Studio "Verdi") [pic]: http://t.co/7l2Fy2U2		]]></document>
	<document><![CDATA[Tornando a casa (@username Piazza Vittorio Veneto) [pic]: http://t.co/F2NQqWBQ		]]></document>
	<document><![CDATA[Studio -.- (@username Aula Studio "Verdi") http://t.co/J6PlpoLz		]]></document>
	<document><![CDATA[@username @username penso che intendesse la foto		]]></document>
	<document><![CDATA[Giornata palindroma :D (@username Stazione Torino Porta Nuova Binario 20) [pic]: http://t.co/w5JW4Crg		]]></document>
	<document><![CDATA[Fra poco esame :S aiuto! (@username Politecnico di Torino - Dipartimento di Elettronica) [pic]: http://t.co/zAL1aR0E		]]></document>
	<document><![CDATA[Il mio battito prima dell'esame xD sto per andare in arresto cardiaco #help http://t.co/pLqJXRyz		]]></document>
	<document><![CDATA[VOTO: 2 NOTE: Proprio una giornata di m.... http://t.co/kL4ewE36 http://t.co/PV0z7Tm7		]]></document>
	<document><![CDATA[”Dare un senso alla vita può condurre alla follia ma una vita senza senso è la tortura dell’irrequietudine e del vano desiderio.” Masters		]]></document>
	<document><![CDATA[Segui e RT: Vinci 6 copie di Backup Contatti su @username! http://t.co/c042XSVZ #VinciBackupContatti		]]></document>
	<document><![CDATA[La prova che su groupon c'è di tutto e di più...  http://t.co/O1LaotCM		]]></document>
	<document><![CDATA[Un giretto :) (@username H&M) http://t.co/BgV6Cc72		]]></document>
	<document><![CDATA[I ciccioni li chiamiamo taglie morbide ora?! XD		]]></document>
	<document><![CDATA[Quando inizierò a fare cardio dance…uccidetemi xD		]]></document>
	<document><![CDATA[Caffè (@username EXKi (via Carlo Alberto)) http://t.co/60lqCg7E		]]></document>
	<document><![CDATA[Se la tartaruga sulla vostra pancia si è girata dall'altra parte, questo è il coupon che fa per voi. http://t.co/U85hOT4Z		]]></document>
	<document><![CDATA[Primavera anticipata a Torino :) (@username Piazza Castello w/ 2 others) [pic]: http://t.co/lteiXkEF		]]></document>
	<document><![CDATA[Mercatino in piazza  @username Piazza Carlo Alberto http://t.co/j7lpnVKk		]]></document>
	<document><![CDATA[Alla casa del piacere :)  @username Piazza Carlo Alberto http://t.co/Gfh4mqMQ		]]></document>
	<document><![CDATA[”La vera forma d'arte è la nostra vita.”
[Oscar Wilde]		]]></document>
	<document><![CDATA[Dolce frutta http://t.co/f0sDFoRp		]]></document>
	<document><![CDATA[Povero parrucchino…ora sarà orfano #LucioDalla		]]></document>
	<document><![CDATA[Piazza Vittorio  http://t.co/1NxQWf05		]]></document>
	<document><![CDATA[Un giretto (@username Shopville Le Gru) http://t.co/JrOKlZwE		]]></document>
	<document><![CDATA[@username un abbraccio…		]]></document>
	<document><![CDATA[Wii-dipendente -.-  @username Lanzo http://t.co/xhQ2y0KD		]]></document>
	<document><![CDATA[Bei tempi… :)  @username Stazione http://t.co/mP7nkrC8		]]></document>
	<document><![CDATA[@username Ahaha :D beh quello lo farò anch'io stasera a casa…giusto per riprendere le calorie perse in palestra :P		]]></document>
	<document><![CDATA[RT #CONTEST #iPhoneItalia & @username: in palio 1 favolosa cuffia V-Moda Vibe Duo per #iPhone e #iPod  –> http://t.co/mRrXpn3y		]]></document>
	<document><![CDATA[Pausa caffè  http://t.co/ojjvKkqv		]]></document>
	<document><![CDATA[Bella lezione…mi piace. La prossima volta si fa sul serio però #fitboxe		]]></document>
	<document><![CDATA[Cioccolat?  @username Piazza Vittorio Veneto http://t.co/XZ1QDtDD		]]></document>
	<document><![CDATA[Boh (@username Rettorato Università Città Di Torino w/ @usernamedoudeelle) [pic]: http://t.co/NXOVmkXF		]]></document>
	<document><![CDATA[@username ma non ho ancora capito...sei mica goloso di dolci?? ^_^		]]></document>
	<document><![CDATA[@username io vado pazzo per i dolci...dimmi quando è pronto che arrivo :D		]]></document>
	<document><![CDATA[Ho i capelli alla @username		]]></document>
	<document><![CDATA[Boh (@username Expocasa 2012 - 49° Edizione w/ @usernamedoudeelle) [pic]: http://t.co/DvzpHtrx		]]></document>
	<document><![CDATA[RT #CONTEST @username su #iPhoneItalia: in palio favolosi premi per iPhone, iPod, iPad e Mac  –> http://t.co/3gNKo1Et		]]></document>
	<document><![CDATA[@username @username che è sta roba della simultanea??? voglio farlo anch'io...		]]></document>
	<document><![CDATA[Un po' di pesi (@username Orange Palestra) http://t.co/5tW7dEZ9		]]></document>
	<document><![CDATA[@username @username si giusto :) rovinerei il telefono se me lo portassi dietro…		]]></document>
	<document><![CDATA[O mi sbaglio…o qualcuno se lo stava menando nelle docce :-S #maipiùdocciainpalestra		]]></document>
	<document><![CDATA[Pictionary: dovrebbe essere 'aspirina' -.- http://t.co/DJKs4rxI		]]></document>
	<document><![CDATA[Pranzo…col diavoletto :) (@username McDonald's) [pic]: http://t.co/7fuZ9ckY		]]></document>
	<document><![CDATA[Foto appena pubblicata http://t.co/kEFNHPWG		]]></document>
	<document><![CDATA[Casa :) (@username Lanzo) http://t.co/1TIXeccr		]]></document>
	<document><![CDATA[@username da quale film era?		]]></document>
	<document><![CDATA[Sono distrutto... #machimelohafattofare #bodypump		]]></document>
	<document><![CDATA[@username beh…ogni volta che torno a casa dalla palestra vedo questo… http://t.co/RHRfFw6a		]]></document>
	<document><![CDATA[@username ahahah :) senza contare i dolori del giorno dopo.ma si sa...per avere un fisico decente bisogna soffrire :P		]]></document>
	<document><![CDATA[RT #CONTEST @username su #iPhoneItalia: in palio 4 bellissime skin per iPhone e iPod a vostra scelta  –> http://t.co/fKYTSeLf		]]></document>
	<document><![CDATA[La refurtiva :) http://t.co/yBMNaYvG		]]></document>
	<document><![CDATA[Che qualcuno mi salvi :-S http://t.co/l2xXWgpC		]]></document>
	<document><![CDATA[Si si…la primavera è arrivata :)		]]></document>
	<document><![CDATA[Voglia di partire…per dove? Boh :) http://t.co/axeSoypF		]]></document>
	<document><![CDATA[@username ahahah :) ti viene mai voglia di prendere e partire per una destinazione a caso...magari il primo in partenza?…a me spesso :)		]]></document>
	<document><![CDATA[@username ah beh :) io sparisco per interi pomeriggi ma nessuno viene mai a cercarmi…		]]></document>
	<document><![CDATA[@username non è un po' prestino per la vodka ? :)		]]></document>
	<document><![CDATA[Body pump…e direi che per questa settimana sono a posto :) (@username Orange Palestra) http://t.co/rki8RBaG		]]></document>
	<document><![CDATA[@username come si fa a guadagnare un cuoricino su wapp? -.-		]]></document>
	<document><![CDATA[@username siamo in meditazione stamattina? =)		]]></document>
	<document><![CDATA[@username beh...magari non è male come idea partire e staccare un po' da tutto..non credi? ^_^		]]></document>
	<document><![CDATA[Che giornata di merda...va tutto storto.		]]></document>
	<document><![CDATA[@username ho combattuto anche troppo… :)		]]></document>
	<document><![CDATA[@username già...credo che tu abbia ragione. meglio stare qui ad affrontare i problemi...magari con un oooohhhhhhhhhhhmmmm ;)		]]></document>
	<document><![CDATA[Segui e RT: #Vinci 5 copie di #IMieiSoldi su @username ! http://t.co/t6PVBZWk #Vinci_IMieiSoldi		]]></document>
	<document><![CDATA['Ad occhi chiusi' http://t.co/4BAZ16jH		]]></document>
	<document><![CDATA[Primo giorno di primavera… (@username Piazza Carlo Felice) [pic]: http://t.co/SCjpT7a4		]]></document>
	<document><![CDATA[Avete mai pensato di farvi una lattina?...ci pensa groupon http://t.co/MO1Ffize #realizzatoinmaterialerealistico Buongiorno :D		]]></document>
	<document><![CDATA[anche @username si rinnova per adattari al display del Nuovo iPad...		]]></document>
	<document><![CDATA[una mela per cena....ormai mi sto abituando -.-		]]></document>
	<document><![CDATA[@username chiudi che fa freddo :)		]]></document>
	<document><![CDATA[@username la prossima volta che vuoi chiarirti le idee....ti consiglio una passeggiatina all'aria aperta. aiuta :) oppure ooohhhhhmmmmmm!		]]></document>
	<document><![CDATA[@username io vado spesso a fare le passegiate notturne :) ti lascio ai tuoi pensieri...dormici su. domani è un altro giorno. notte ^_^		]]></document>
	<document><![CDATA[@username @username Torino è una delle città più belle d'italia..ci vivo e starò qui per sempre. dimenticata?non so,magari sottovalutata.		]]></document>
	<document><![CDATA[@username: @username brignano c'è l'ha con te stasera... #leiene		]]></document>
	<document><![CDATA[Facciamo un po' di body attack vah... (@username Orange Palestra) http://t.co/5FpyH2wK		]]></document>
	<document><![CDATA[Non so se avere un mc donalds sullo stesso posto di lavoro sia una benedizione o una maledizione...		]]></document>
	<document><![CDATA[Per rendere stamattina meno traumatica...cappuccino + donut :) (@username Busters Coffee) [pic]: http://t.co/1LykLFS2		]]></document>
	<document><![CDATA[@username non sai nemmeno di che si tratta...come sei prevenuto.		]]></document>
	<document><![CDATA[@username non ho più soldi per un'altra donut :(		]]></document>
	<document><![CDATA[Un po' di body più (@username Orange Palestra) http://t.co/ANHHLKoU		]]></document>
	<document><![CDATA[Oggi primo giorno senza giacca...domani bermuda?		]]></document>
	<document><![CDATA[Vantaggi del nuovo taglio: 1.mi sveglio che i capelli sono a posto 2.sembro un ragazzino 3.sono più fico :D		]]></document>
	<document><![CDATA[Un signore di 75anni: "dico spesso a mia moglie che ha sbagliato tutto, doveva fare Cicciolina anche lei" #dicorsideivecchiettisulpullman		]]></document>
</author>