<?xml version="1.0" encoding="UTF-8" standalone="no"?><author id="9b835c60-11f5-407c-bc7e-6ed9e5119a1c" lang="it">
	<document><![CDATA[Decio Canzio per Sergio Bonelli http://t.co/H2IWyxwa		]]></document>
	<document><![CDATA[@username e dillo, su, che vuoi un premio all'uso (post)letterario dell'analisi economica @username @username #ciattrezziamo		]]></document>
	<document><![CDATA[@username non credere: sarà un premio solipsistico, a insaputa di tutti (noi inclusi) @username @username		]]></document>
	<document><![CDATA[@username chiaro, ma guarda che hai reagito tu a @username ("tavole come quadri") parlando di arte ;) Epperò: sento odore di Lessing		]]></document>
	<document><![CDATA[TTO-TTORO TOT-TORO #ierisera #inchiodataintesta e in rete c'è persino la trascrizione completa del film, qui http://t.co/iXfRTIX9 #Totoro		]]></document>
	<document><![CDATA[Dalle bozze del nuovo Mattotti: Il Corvo by Lou Reed http://t.co/WGHKu0g9		]]></document>
	<document><![CDATA[Nuova etichetta per Delcourt: Comics Fabric. Stile US, ma autori UE (semisconosciuti e low-cost, I suppose) http://t.co/Mc7efhcc		]]></document>
	<document><![CDATA[Libri: la top 20 del 2012 USA son quasi tutte Sfumature o Hunger Games (ma c'è anche Wimpy Kid) http://t.co/ydI8SyQ7		]]></document>
	<document><![CDATA[Mi sfugge il senso del video. O ad Angouleme cambiano le regole del Grand Prix: si invitano a votare TUTTI gli autori http://t.co/Mn7EgAe6		]]></document>
	<document><![CDATA[E anche Il Gatto del Rabbino di @username diventa uno "sceneggiato radiofonico": 10 episodi nella settimana di Angoulême | @username		]]></document>
	<document><![CDATA[@username da immaginarlo sdilinquito per la grafica resa engagé		]]></document>
	<document><![CDATA[Che peccato leggere ancora certe sciocchezze sulla storia del fumetto (peraltro su Tex con Rep) http://t.co/f2CCeLm6		]]></document>
	<document><![CDATA[@username le due cose: tutto un birignao, e una visione dell'arco storico di sorprendente incompetenza #uff		]]></document>
	<document><![CDATA[@username di solito i testi degli allegati non vanno online		]]></document>
	<document><![CDATA[@username non sono informato (chiederò). Ma di chiunque sia, era cmq evitabilissimo		]]></document>
	<document><![CDATA[Compra di qua, integra di là, e in Disney inizia la stagione dei tagli: http://t.co/EtIDVkhW		]]></document>
	<document><![CDATA[@username evabbè, era servita su un piatto d'argento ...		]]></document>
	<document><![CDATA[Incredibile la sensazione che tanti giornalisti, di fronte a B, assumano atteggiamenti di tolleranza pro "caso umano"		]]></document>
	<document><![CDATA[@username e quindi niente più #opencamera da @username ? Cos'è, uno scherzone?		]]></document>
	<document><![CDATA[@username questo programma non s'aveva da fare #eiofacevomegliocheNO		]]></document>
	<document><![CDATA[@username disco rotto, peraltro		]]></document>
	<document><![CDATA[Ragazzi, se non si fa un fumetto umoristico-grottesco su B adesso, non so quando #svitatelo		]]></document>
	<document><![CDATA[Per B ormai serve lo strafatto-checking #ottoemezzo		]]></document>
	<document><![CDATA[Ormai B potrebbe recitare in un film di Jodorowsky #deliriorama		]]></document>
	<document><![CDATA[@username è un eroe		]]></document>
	<document><![CDATA[Ormai B sta per bile: "perché non parliamo anche delle brutte cose fatte dagli altri?" #ottoemezzo		]]></document>
	<document><![CDATA[Otorinolaringoiatra #gigantesco #ottoemezzo #deliriorama #defaultsubito		]]></document>
	<document><![CDATA[@username naah , intendo un lavoro corposo e unitario, non frammenti brevi		]]></document>
	<document><![CDATA[@username pazzesco. È sindrome di Stoccolma		]]></document>
	<document><![CDATA[B è oltre il tollerabile. Voi che l'avete votato meritate penitenza: facciamo una patrimoniale - ma solo agli elettori del PdL, ok?		]]></document>
	<document><![CDATA[riaccesi due neuroni dopo l'annichilimento B-in-tv, ho chiuso il testo su Giardino per la sua personale a #Bilbolbul http://t.co/Lyr8aLy6		]]></document>
	<document><![CDATA[@username sì, ma è durato poco e publicato ad cazzum (e poi non era B, ma una metafora di B. Io qui dico un B "full frontal")		]]></document>
	<document><![CDATA[Cavazzano non finirà di stupirmi: anche quando disegna storielle insulse con mano sinistra, ha il #tocco http://t.co/CrIyILtT		]]></document>
	<document><![CDATA[@username si sa: gli 80enni 'dentro', in redazione fanno la nanna ;)		]]></document>
	<document><![CDATA[La democratizzazione del Grand Prix di Angoulême http://t.co/7vxXSy0Z		]]></document>
	<document><![CDATA[La campagna per promuovere il voto del Grand Prix di Angouleme tra gli autori, nuovo episodio: http://t.co/9BtmR8SH I via @username		]]></document>
	<document><![CDATA[Dei 30 graphic novel più venduti in USA nel 2012 (dati Diamond) ben 18, ripeto 18, sono by @username http://t.co/Nbt4H8RS		]]></document>
	<document><![CDATA[@username @username anche: Watchmen è 14°. E il primo Marvel è oltre il 30°		]]></document>
	<document><![CDATA[Di storia del fumetto italiano, a Bologna http://t.co/9bymiY6v		]]></document>
	<document><![CDATA[Otomo combustibile http://t.co/Dg1XOamd		]]></document>
	<document><![CDATA[E anche il festival di Angoulême si è dotato di una app http://t.co/vGwDTdvA		]]></document>
	<document><![CDATA[Fine corsa per Comic Buyer’s Guide, decana tra le testate del fandom USA, e megafono storico del boom delle fumetterie http://t.co/g9iUCxKW		]]></document>
	<document><![CDATA[In un comunicato ufficiale, oggi, salta fuori che l'Académie des Grands Prix di Angouleme avrà ancora diritto di voto #francesicasinisti		]]></document>
	<document><![CDATA[Il produttore di 'Django Unchained', Reginald Hudlin, ne scrive la versione per DC Comics: http://t.co/g4hV08uM		]]></document>
	<document><![CDATA[@username suvvia, "video killed the radio star" era solo una (splendida) canzoncina		]]></document>
	<document><![CDATA[Il nuovo corto di Katsuhiro Otomo, Combustible, è entrato nelle nomination per gli Oscar http://t.co/Ls8gz1bm		]]></document>
	<document><![CDATA[@username certo, ma rimane solo caricaturale		]]></document>
	<document><![CDATA[Serata compleanni. E dunque niente #seviziapubblica, bensì #seviziaprivata #grrr		]]></document>
	<document><![CDATA["vogliamo vedere entrare il leone!" #circenses #seviziapubblica		]]></document>
	<document><![CDATA[Nel frattempo, la sentenza d'appello su Superman l'ha stravinta Warner Bros contro gli eredi Siegel http://t.co/TIfEn99C		]]></document>
	<document><![CDATA[È stato bello. NON vedere #seviziapubblica		]]></document>
	<document><![CDATA[Editoria e pirateria, in Francia http://t.co/2dPtgQ7W		]]></document>
	<document><![CDATA[@username pieno di raffinati strateghi, a sinistra		]]></document>
	<document><![CDATA[[ci sono più cose..] Arriva 1 lettera a un editore. Cartacea. Cosa chiede? Permesso x pubblicare estratti di un libro. Dove? Su un sito #wtf		]]></document>
	<document><![CDATA[@username ma qualificarsi no, eh? ;)		]]></document>
	<document><![CDATA[@username indizi deboli, mannaggia. E cmq: grazie della partecipazione. Come diceva il saggio, alla prossima "fatevi riconoscere"!		]]></document>
	<document><![CDATA[@username sono già in stazione. Arrivederci a Bilbolbul?		]]></document>
	<document><![CDATA[Venerdì a Bologna è stata una buona discussione. La racconta @username http://t.co/ZE7tRyn9		]]></document>
	<document><![CDATA[@username bel resoconto, grazie.		]]></document>
	<document><![CDATA[@username mi sfugge il riferimento della discussione. E cmq sul termine graphic novel ricordo che novel=romanzo (masc.) @username		]]></document>
	<document><![CDATA[@username l'assonanza...con un termine noto come novel? L'uso maschile è inoltre maggioritario, o pari @username		]]></document>
	<document><![CDATA[@username @username pfff - ma twitter è donna!		]]></document>
	<document><![CDATA[@username @username un po' di più: tempo di compiere il ricambio generazionale nel giornalismo italiano.		]]></document>
	<document><![CDATA[#autorevolissimopifferaio (non male come copy, la versione agonistica di @username )		]]></document>
	<document><![CDATA["vecchio illusionista ringalluzzito"		]]></document>
	<document><![CDATA[Il blabla dei media sulla "morte di Peter Parker" in Amazing Spider-Man #700 ha prodotto questo: 200.000 copie, dice http://t.co/ks4Ln87b		]]></document>
	<document><![CDATA[Una delle migliori frasi da campagna elettorale di sempre: “If nominated I will not run... If elected I will not serve.” [Pogo, 1956]		]]></document>
	<document><![CDATA[Diciamolo: @username ha scelto ottimi fumetti per la sua "scorta per l'inverno". Sorpresa: la Merini di SilviaRocchi http://t.co/FilDnA1T		]]></document>
	<document><![CDATA[Ok le voci off stile noir 30s. Ma qui litigano coi balloon. E Ambrosini pare svogliato #LeStorie http://t.co/IWaM5Dnl		]]></document>
	<document><![CDATA[Francamente non sapevo di avere nel dna un tot di #ultrafibra http://t.co/2Gx3ZzyA		]]></document>
	<document><![CDATA[Avrei voluto, in treno, terminare il libro quasi finito ieri sera. Non fosse stato Chris Ware, principe del bookdesign non-portatile.		]]></document>
	<document><![CDATA[Sarà che il fumetto è giustizialista, caro Ingroia http://t.co/zgEfaMtJ		]]></document>
	<document><![CDATA[@username ha cazziato i suoi su twitter, luckily		]]></document>
	<document><![CDATA[Benoit Mouchart lascia la direz. artistica del festival di Angouleme (molla la barca prima che affondi, dicunt) http://t.co/76Xr4cpC		]]></document>
	<document><![CDATA[@username @username @username mica uguali: questa era un gioco virale finito male; e il consumo personale non è lo stesso "furto"		]]></document>
	<document><![CDATA[@username resta in sella fino al dopofestival		]]></document>
	<document><![CDATA[@username qui il 'furto' non è stato consumo di libri, ma uso improprio di immagini. Uso illecito di (c), diciamo. @username		]]></document>
	<document><![CDATA[BiblioFumettologica: ho inserito "Komikazen" in aNobii http://t.co/M4MAV5jJ		]]></document>
	<document><![CDATA[@username yess, e io facevo il pignolo ;)		]]></document>
	<document><![CDATA[@username no. Ma per soli 60 anni circa ;-)   È la vecchia vulgata. Sbagliata, ma perdonabile (per ora).		]]></document>
	<document><![CDATA[Mezzo secolo di animazione giapponese http://t.co/b8C5YOL2		]]></document>
	<document><![CDATA["com'è che si dice? Circonfezione d'incapace" #conversazionisultram		]]></document>
	<document><![CDATA[Programma "Winter school Unicatt/Iulm - Operatori editoriali per il fumetto e il graphic novel" completo. Iscrizioni aperte. Lunedì news ;)		]]></document>
	<document><![CDATA[Donne #inmetro chinano la testa. Su smartphone. Ma sullo sfondo, spunta #Julia http://t.co/QeNtzAbC		]]></document>
	<document><![CDATA[Tuono Pettinato al muro da disegno #Enigma http://t.co/BYIn8eNl		]]></document>
	<document><![CDATA[Uno dei dettagli top della mostra su Einaudi "L'arte di pubblicare": progetto e cura grafica http://t.co/KQQqRkBB		]]></document>
	<document><![CDATA[Alberto Giacometti, testa femminile, 1962 #superdrawing http://t.co/vaGsLjdt		]]></document>
	<document><![CDATA[Anche in Spagna, il Saló del Còmic de Barcelona cambia criteri e procedure dei premi (in meglio, imho) http://t.co/QpgbUGJx | @username		]]></document>
	<document><![CDATA[@username @username visitata stamani. Davvero un bel lavoro (e tutti attendiamo il pdf con i testi dei pannelli sull'impaginazione)		]]></document>
	<document><![CDATA[@username @username @username e io son riuscito a visitarla troppo presto, uscendo poco prima dell'incontro #sobad		]]></document>
	<document><![CDATA[@username @username @username peccato doppio: avrei ascoltato volentieri, e avrei finalmente dato un volto a certi twittatori ;)		]]></document>
	<document><![CDATA[@username si chiama spam. Poi smettono ;)		]]></document>
	<document><![CDATA[Fumettofundraising, tra vendetta e filantropia http://t.co/G157L9qA		]]></document>
	<document><![CDATA[Chi non ascolta il discorso di Obama, ora o stasera: you lose something		]]></document>
	<document><![CDATA[Una storia sul crowdfunding, il fumetto, e la trasformazione di una vendetta in filantropia: http://t.co/G157L9qA		]]></document>
	<document><![CDATA[@username non a caso stamani postava dal metrò a Moscova @username ;)		]]></document>
	<document><![CDATA[@username @username @username @username @username @username però niente amici, partner e colleghi (sennò vinco io) :-P		]]></document>
	<document><![CDATA[pat pat, Fumetto! http://t.co/2H6HZK45		]]></document>
	<document><![CDATA[@username ti dirò di più: le sto raccogliendo ;)		]]></document>
	<document><![CDATA[[app da inventare] se #inmetro volessi capire quale meraviglia stan suonando due musicanti rom? #Shazampfui		]]></document>
</author>