<?xml version="1.0" encoding="UTF-8" standalone="no"?><author id="9f08a484-94d3-450a-9e77-f90327443840" lang="it">
	<document><![CDATA[Il nuovo sindaco di Nusco è De Mita "un'operazione avanguardista"; prenderà il posto del sindaco uscente, suo nipote Giuseppe.		]]></document>
	<document><![CDATA[@username no no era domenica... ma sai teniamolo sempre a portata ;-)		]]></document>
	<document><![CDATA[@username siamo formidabili :-D Buongiorno Tizzi :-)		]]></document>
	<document><![CDATA[@username e si Paolo, la frase mi è venuta tutta strana... ;-) Buongiorno :-D		]]></document>
	<document><![CDATA[E l'Ordine dei medici che fa? > Violentava il paziente di 12 anni. Arrestato un pediatra di Milano http://t.co/T4D4n8UMZZ via @username		]]></document>
	<document><![CDATA[Monti li selezionò proprio bene bene i suoi Ministri. Fu #sceltabarbara		]]></document>
	<document><![CDATA[@username dati limitati se solo di autopercezione studenti (già digitali) ma senza param. oggettivi né gruppo controllo / @username #tablet		]]></document>
	<document><![CDATA[@username il resto dell'articolo è condivisibile ma se i dati sono solo questi sono proprio poveri #tablet / @username		]]></document>
	<document><![CDATA[@username una soddisfazione per chi incitava i giovani a diventare cuochi e camerieri / @username		]]></document>
	<document><![CDATA[@username @username ora infermieri disoccupati per tagli! Concordo: valore a tecnici/professionali è valore a studio -e- a mestiere		]]></document>
	<document><![CDATA[Se D'Alema dà una lezione a Boschi sui bambini congolesi - http://t.co/K9elCtjMEK > Non è tutto uno show...		]]></document>
	<document><![CDATA[-14 giorni ai Mondiali - Un grande balzo per la scienza, un piccolo passo per la disabilità http://t.co/lROV1a0dde #esoscheletro		]]></document>
	<document><![CDATA[@username ;-) volevo rassicurare: il cinismo fa male dopo i 65, forse... :-D		]]></document>
	<document><![CDATA[Il primo autista del bus ha saltato la fermata, il secondo è scocciato. E la stazione è lontana: forse un treno partirà #pendolarezen		]]></document>
	<document><![CDATA[A Firenze c'è sciopero anche dei bus @username ? Da Careggi passano solo Linea		]]></document>
	<document><![CDATA[Lo sciopero, il treno locale, l'aria molto condizionata sono solo imprevisti regolari #pendolarezen		]]></document>
	<document><![CDATA[Laureati italiani di età 25-34 sono il 21% mentre la media OCSE è 39%. E non ci sono segni di miglioramento: ci sorpasserà presto la Turchia		]]></document>
	<document><![CDATA[Articolo pessimo! Ah il Mutismo selettivo non è un mistero> Valeria torna a parlare grazie al cane Compass http://t.co/Dz6fkiDVKU @username		]]></document>
	<document><![CDATA[@username Buongiorno Carlì :-)		]]></document>
	<document><![CDATA[Il profilo dei laureati 2013 - Il video con i dati | AlmaLaurea http://t.co/GErpZSKuNz via @username		]]></document>
	<document><![CDATA[Ieri sciopero treni, oggi sciopero bus. Continua l'avventura #pendolarezen		]]></document>
	<document><![CDATA[@username solo quelli di terra, per ora ;-) Buongiorno Paolo :-)		]]></document>
	<document><![CDATA[@username c'era un candidato sindaco che l'ha proposto... :-D		]]></document>
	<document><![CDATA[@username buongiorno pure a te #arriviamopoi		]]></document>
	<document><![CDATA[@username Ciao Adriiii :-) Buongiorno @username		]]></document>
	<document><![CDATA[Ci mancava giusto PETA con la sua campagna pubblicitaria che collega latte vaccino e esordio/gravità autismo. Ognuno ha le sue bestie...		]]></document>
	<document><![CDATA[Nei giorni degli scioperi non perdi mai il tramonto dalla carrozza ora gelata ora surriscaldata #arriviamopoi #pendolarezen		]]></document>
	<document><![CDATA[@username quante cose già solo sulla busta ;-) ... http://t.co/t5gx9EYuuu		]]></document>
	<document><![CDATA[Grazie a @username per questa magnifica storia. "I mestieri, come le vocazioni, "sono", cioè non si scelgono..." http://t.co/1K2ubGQaN6		]]></document>
	<document><![CDATA[I figli del Maestro Lucchi hanno deciso di continuarne grande opera con BOWTEGA http://t.co/hKGzwHNt6w e Fondazione http://t.co/oSZEC7gZLL		]]></document>
	<document><![CDATA[@username Buongiorno Carlì :-)		]]></document>
	<document><![CDATA[Elena Cattaneo, Gilberto Corbellini, Michele De Luca > Iene e sanità: vergognose falsità trash http://t.co/JFNXsfXD1r via @username		]]></document>
	<document><![CDATA["adagiati su rendite personali ben più consistenti di quelli di insegnanti e ricercatori, non pochi (cont) http://t.co/ePkVIrHikO		]]></document>
	<document><![CDATA[serve avvertimento: "Attenzione -in questo programma si parla a vanvera e anche pericolosamente, senza prova alcuna di ciò che si trasmette"		]]></document>
	<document><![CDATA[Per i programmi TV e tutti gli articoli di pseudoscienza sui giornali servirebbe anche l'avvertimento "Questa è una marchetta"		]]></document>
	<document><![CDATA[Una lettera sottoscritta da 40 accademici dei Lincei > C'è ancora un futuro per università e ricerca in Italia? http://t.co/NDvruON6J7		]]></document>
	<document><![CDATA["studiosi, non sappiamo quanto competenti in campo economico, ma sicuramente accecati da dottrinarismo e ideologismo per quanto concerne..."		]]></document>
	<document><![CDATA[1] meccanismo a vite, bottone, coulisse, anello, slitta, occhio decorativo del nasetto, ginocchio, fasciatura, puntina - le parti		]]></document>
	<document><![CDATA[2] pernambuco, legno serpente o bois de lettres, legno ferro, guaiaco - danno il legno; le code dei cavalli - danno i crini		]]></document>
	<document><![CDATA[3] due strumenti usati in tutto il mondo LucchiMeter e LucchiSound. Per l'archetto migliore, scelto anche da Zukerman e da Rostropovich.		]]></document>
	<document><![CDATA[Scienza, arte, condividere, insegnare,imparare sono "vibrazioni" ricorrenti in questo piccolo gioiello, 4.99 pdf/epub http://t.co/esHMtssV5J		]]></document>
	<document><![CDATA[Il 2 giugno delle donne, politica e numeri dal 1946 al 2014 http://t.co/UaUphDLWzG via @username “penso a quel giorno, e spero”		]]></document>
	<document><![CDATA[Il ricordo delle donne al voto - 2 giugno 1946 http://t.co/RWsL7WxGrB non si donarono più le margherite		]]></document>
	<document><![CDATA[I volti della Costituzione negata http://t.co/3KxxRKh5Ry via @username		]]></document>
	<document><![CDATA[pernambuco, legno serpente o bois de lettres, legno ferro, guaiaco - danno il legno; code dei cavalli - danno i crini http://t.co/esHMtssV5J		]]></document>
	<document><![CDATA[@username si stava per mandare un rescue bird ;-)		]]></document>
	<document><![CDATA[@username Buongiorno Carlì :-)		]]></document>
	<document><![CDATA[Spinelli, rinuncia. < Condivisibile @username http://t.co/7G0yBQEemb		]]></document>
	<document><![CDATA[@username Tizzi ma alla nostra super @username basta un tweet o ci salva sempre perché ci vede? :-D Buongiorno @username		]]></document>
	<document><![CDATA[Spinelli, una bella responsabilità la scelta tra trasparenza versus solita palude di compagnucci		]]></document>
	<document><![CDATA[@username allora è proprio Super, le vede tutte!!! (occavolo...) :-D @username SB >>> @username		]]></document>
	<document><![CDATA[@username facile per te, sei S!! :-D Scongiffi il male con uno sguardo, una voce, un tocco :-D @username @username		]]></document>
	<document><![CDATA[@username ahahahah in tutte le città ci salverà :-D @username @username		]]></document>
	<document><![CDATA[@username mi pare giusto: solo in pochissimi sappiamo chi è SB :-D  @username @username		]]></document>
	<document><![CDATA[@username vedi, se ne parla pure qui ;-) :-D @username @username http://t.co/iWc7Hyw0d3		]]></document>
	<document><![CDATA[È bastato quell'Invito a rincuorarmi #TassAzionePoetica http://t.co/LkX2ASP7Mi		]]></document>
	<document><![CDATA[Lasciatemi soffrire tranquillo. Voglio soffrire bene! Massimo Troisi  http://t.co/XcfCgqAeoc		]]></document>
	<document><![CDATA[@username Carlì :-) Buongiorno		]]></document>
	<document><![CDATA[Ahahahah il video è tornato :-D > Renzi e il Paese reale: le immagini che non vi fanno vedere!!1! http://t.co/TJ2pAAJwTJ via @username		]]></document>
	<document><![CDATA[Mi allungo a sinistra, davanti, in su ma la tempia, l'occhio, la guancia e la narice, l'orecchio sono in piena corrente fredda #pendolarezen		]]></document>
	<document><![CDATA[@username il video è eccellente. Complimenti alla grande intuizione dell'autore. Con uccellino azzurro, apoteosi :-D		]]></document>
	<document><![CDATA[@username grazie, devo vedere!! Comunque, magnifico: un altro numero per un altro countdown :-D Onore a voi!  @username		]]></document>
	<document><![CDATA[@username ci sarà link a rapporto? Buon lavoro!		]]></document>
	<document><![CDATA[Pedana su bus R non va. Signora in carrozzina deve scendere. Autista prima "serve aiuto?" poi "non m'assumo responsabilità" 6 braccia sì		]]></document>
	<document><![CDATA[Ore 10.30 Uni #Firenze Conferimento Laurea magistrale ad honorem in Lingue e Letterature Europee e Americane a Mario Vargas Llosa		]]></document>
	<document><![CDATA[1/2] Anche i bambini posso avere gravi manifestazioni d'ansia. Analfabetismo su salute psicologica bambini porta a:		]]></document>
	<document><![CDATA[2/2] 1. dare inutilmente "colpa" ai genitori 2. scuola che propone segnalazione a Tribunale per n. assenze.		]]></document>
	<document><![CDATA[Nei primi 152 giorni del 2014, 201 minacce a giornalisti + 61 per episodi degli anni precedenti @username http://t.co/qvFo7p7Zgk		]]></document>
	<document><![CDATA[@username Buongiorno Carlì :-)		]]></document>
	<document><![CDATA[Sconforto > Tribunale Pesaro: Andolina ''commissario ad acta" Spedali di Brescia per riprendere infusioni Stamina http://t.co/MLk0Nya5Q4		]]></document>
	<document><![CDATA[@username già, è proprio desolante		]]></document>
	<document><![CDATA[ottimo articolo di @username: La pubblicazione scientifica sul metodo #Stamina analizzata anche con Giuseppe Remuzzi http://t.co/eBekJByj9A"		]]></document>
	<document><![CDATA[diversamente ricchi "@username: Studi settore 2012 farmacie dichiarano i ricavi più alti #Psicologi ultimi http://t.co/9KtT0jX8B6 via @username"		]]></document>
	<document><![CDATA[Ogni giorno ha il suo giudice. Di Nicola su chiusura Opg "soggetti socialmente pericolosi torneranno in libertà". Sconforto.		]]></document>
	<document><![CDATA[scongiurare ulteriori proroghe e per riportare il processo di superamento degli OPG nei binari della legge 180 http://t.co/D1lNNbekdv		]]></document>
	<document><![CDATA[@username Buongiorno Carlì :-)		]]></document>
	<document><![CDATA[Ottimo articolo di sintesi > La pubblicazione scientifica sul metodo #Stamina analizzata anche con Giuseppe Remuzzi http://t.co/eBekJByj9A		]]></document>
	<document><![CDATA[Qui una volta passavano i bus #pendolarezen alla fermata		]]></document>
	<document><![CDATA[da leggere: vale come antidoto  http://t.co/9oe5XLIZOJ Siamo talmente ignoranti da non comprendere perfino quanto sia grave e pericol...		]]></document>
	<document><![CDATA[[cont.] http://t.co/0Ko4DytO6B chiaramente che la condizione sociale di origine, il tipo di scuola frequentata e l’area geografica di...		]]></document>
	<document><![CDATA[[cont.] http://t.co/BzCA0rma8s Una società dove una robusta minoranza della popolazione non si informa, non controlla, non vota con d...		]]></document>
	<document><![CDATA[correlazione tra crescita livello istruzione e crescita PIL s'accentua se si sviluppa istruzione superiore e universitaria,Giovanni Solimine		]]></document>
	<document><![CDATA[@username Carlì Buongiorno :-D bello! con le scarpe nelle mani.... :-D		]]></document>
	<document><![CDATA[Con Elena Cattaneo: Fermateli! #Stamina		]]></document>
	<document><![CDATA[Sulla sua pelle "@username Sentire a GrRai nome e cognome di uno dei bambini coinvolti nella questione #Stamina Carta di Treviso aiutaci tu		]]></document>
	<document><![CDATA[@username ahah gentilissima (guardo non proprio dentro ma come il cervello ci fa percepire, esprimere) :-D grazie		]]></document>
	<document><![CDATA[@username ahahah no no tranquilla: ho bisogno di controllare tante condizioni per lavorare :-D qui ci gioco su :-D		]]></document>
	<document><![CDATA[#Stamina Infusioni al piccolo Federico, Elena Cattaneo: "Un atto abominevole" http://t.co/cX4uv9fdDj Con Elena Cattaneo		]]></document>
	<document><![CDATA["Non possiamo dar spazio a ciarlatani che mettono in pericolo tutto l'intero sistema sanitario, la vita delle persone e l'etica medica" EC		]]></document>
	<document><![CDATA[@username da non crederci Paolo. E come le sparavano ieri. Hanno aizzato le folle. Che desolazione!		]]></document>
	<document><![CDATA[@username ecco ...che poi dico: finalmente il GP che soddisfazione... macché ;-) Buongiorno Paolo :-D		]]></document>
	<document><![CDATA[@username e però in questo periodo sono all'ingrasso...		]]></document>
	<document><![CDATA[@username e certo l'anno monopolizzata i tuoi amici/rivali ;-) ... ma partire in settima proprio... dopo Massa...		]]></document>
	<document><![CDATA[@username ma la missione continua purtroppo anche con le nuove leve		]]></document>
	<document><![CDATA[“If you think education is expensive, try ignorance” > i nostri governanti, vecchi e giovani, hanno accettato la sfida		]]></document>
	<document><![CDATA[@username uahahahah no no è che ora c'è il vuoto... e con Domenicali era uguale ;-)		]]></document>
	<document><![CDATA[@username tanti errori, incluso un governo che ha stanziato 3mln, nessuna regola né etica. Se emerge ora è grazie a poche voci coraggiose		]]></document>
	<document><![CDATA[@username già, questo è un punto gravissimo. Meno male che ora i medici bresciani si sono ravveduti. Ma i danni restano...		]]></document>
	<document><![CDATA[Le mani di un violinista sono speciali?  http://t.co/xyhFIdvAXh		]]></document>
	<document><![CDATA[Parole gravi > Pino Allievi contro Raikkonen e Danica Patrick http://t.co/YB0sLf1Tgd a "commento" delle qualifiche di ieri, sulla Rai #F1		]]></document>
</author>