<?xml version="1.0" encoding="UTF-8" standalone="no"?><author id="c82664d6-3171-4c4f-a0a1-bd29fd8e7f0f" lang="it">
	<document><![CDATA[#346 - Give us a cut. (Courtesy of A. Castelletti) - Dacci un taglio http://t.co/F7xbfGhAIN		]]></document>
	<document><![CDATA[Voto di fiducia Governo: segui gli aggiornamenti live -  http://t.co/2XpbkFUuiP via @username		]]></document>
	<document><![CDATA[#349 - Sky at tinysheep, rain at tinybasin. - Cielo e pecorelle, pioggia a catinelle http://t.co/gRKnFgoYnq		]]></document>
	<document><![CDATA[#352 - Pork’s foot. (Feat. A. Castelletti) - Piede di porco http://t.co/WMgLhQkmE8		]]></document>
	<document><![CDATA[#353 - You are a newhome.  - Sei un casanova http://t.co/wFHs14dnZm		]]></document>
	<document><![CDATA[#359 - The most coined.  - Il più gettonato http://t.co/59R9AA4u8s		]]></document>
	<document><![CDATA[I liked a @username video from @username http://t.co/MxhVaBf054 Sostiene Bollani - Stagione 2 Puntata 3: La Voce		]]></document>
	<document><![CDATA[I favorited a @username video from @username http://t.co/MxhVaBf054 Sostiene Bollani - Stagione 2 Puntata 3: La Voce		]]></document>
	<document><![CDATA[I liked a @username video http://t.co/DnFUe6FkY7 JAZZIT FEST 2013 | promo del film		]]></document>
	<document><![CDATA[#370 - Neighbor’s grass is always greener.  - L’erba del vicino è sempre più verde http://t.co/gGICP5qilL		]]></document>
	<document><![CDATA[#372 - I’m not fat, I’m placed. (Feat. A. Castelletti) - Non sono grasso, sono piazzato http://t.co/1iVtXCN3iZ		]]></document>
	<document><![CDATA[#373 - Do you strength! (Feat. A. Castelletti) - Fatti forza http://t.co/0ItwVOX0yu		]]></document>
	<document><![CDATA[I favorited a @username video http://t.co/kEM0cPPtwE Jazzed Out Oslo - 10 Days into Norwegian Jazz		]]></document>
	<document><![CDATA[I liked a @username video http://t.co/vygeOC6Vso Hiromi in Marciac 2010 - MEZZO LIVEHD		]]></document>
	<document><![CDATA[Athena Eicma 2013: dai ricambi alle bici elettriche, classe italiana -  http://t.co/Q5NoP0VBpY via @username		]]></document>
	<document><![CDATA[I liked a @username video http://t.co/obZ8HYifjT Scialpinismo - Monte Cevedale - 3769m - Valfurva		]]></document>
	<document><![CDATA[I liked a @username video http://t.co/GYkpqTufXu Scialpinismo - Gran Zebrù / Koenigspitze - 10/04/2013		]]></document>
	<document><![CDATA[#399 - It gives me to the nerves. (Feat. A. Castelletti) - Mi dà ai nervi http://t.co/qdhajBbipQ		]]></document>
	<document><![CDATA[I liked a @username video http://t.co/y7ngje0LKZ Scialpinismo - Piz Muragl - Engadina		]]></document>
	<document><![CDATA[#407 - Flatshape. (Feat. A. Castelletti) - Piattaforma http://t.co/bunq4O32A8		]]></document>
	<document><![CDATA[#413 - A squared. (Feat. A. Castelletti) - Una piazzata http://t.co/pNRCXXVoUN		]]></document>
	<document><![CDATA[I liked a @username video http://t.co/LDn0Kv4bIj L'alba di un nuovo Taco		]]></document>
	<document><![CDATA[#414 - He displaced me. (Feat. A. Castelletti) - Mi ha spiazzato http://t.co/lD3jK9DQ6M		]]></document>
	<document><![CDATA[#415 - Vintage flavour. (Feat. A. Castelletti) - Retrogusto  http://t.co/KBYdy9BVSw		]]></document>
	<document><![CDATA[Ho aggiunto un video a una playlist di @username: http://t.co/QtegZ7rvNe Spinetta.y.las.bandas.eternas.2010.DVD1 FULL CONCIERTO		]]></document>
	<document><![CDATA[Mi è piaciuto un video di @username: http://t.co/jDe4oPB8NW Climber Charged with Murder in Ohio National Park | EpicTV Climbing		]]></document>
	<document><![CDATA[#420 - Column sound (Feat. A. Castelletti) - Colonna sonora http://t.co/yhBv6akBR5		]]></document>
	<document><![CDATA[#424 - Of town hall chord. (Feat. A. Castelletti) - Di comune accordo http://t.co/R8VIuMKeu2		]]></document>
	<document><![CDATA[#425 - Can I do tiny shoe? (Feat. C. Gatti) - Posso fare scarpetta? http://t.co/iz16oDx63j		]]></document>
	<document><![CDATA[Mi è piaciuto un video di @username: http://t.co/aWDkliQ4Rf Opportunity Network		]]></document>
	<document><![CDATA[#430 - Readiness of reflexes. (Feat. A. Castelletti) - Prontezza di riflessi http://t.co/H6WZfZOXe1		]]></document>
	<document><![CDATA[#432 - To scomma. (Feat. A. Castelletti) - Svirgolare http://t.co/pxvx88rCgs		]]></document>
	<document><![CDATA[Mi è piaciuto un video di @username: http://t.co/nwH4cp5ibR Gasherbrum - Reinhold Messner 1984 (con sottotitoli italiani)		]]></document>
	<document><![CDATA[#436 - An half age man. - Un uomo di mezza età http://t.co/3UXPXpmBwz		]]></document>
	<document><![CDATA[#439 - Give your self a tone.  - Darsi un tono http://t.co/FV3VLNcZAJ		]]></document>
	<document><![CDATA[#440 - If you give me the there. (Feat. A. Castelletti) - Se mi dai il La http://t.co/aMevuUKiGC		]]></document>
	<document><![CDATA[#446 - To close a chapter. (courtesy of A. Castelletti) - Chiudere un capitolo http://t.co/v0adPJrL9n		]]></document>
	<document><![CDATA[#448 - It is a deadness. (Feat. A. Castelletti) - è un mortorio http://t.co/unPo5Nglfl		]]></document>
	<document><![CDATA[Mi è piaciuto un video di @username: http://t.co/PStmyDOyOU Michael Wollny's [em] - Das Modell (live)		]]></document>
	<document><![CDATA[#450 - Hope well! (Feat. A. Castelletti) - Spero bene! http://t.co/xVU1xGUKtK		]]></document>
	<document><![CDATA[#453 - Academy of bran. (Feat. A. Castelletti) - Accademia della Crusca http://t.co/7OZQeIh5ge		]]></document>
	<document><![CDATA[#454 - An old glory. (Feat. A. Castelletti) - Una vecchia gloria http://t.co/Bji9WrQs5x		]]></document>
	<document><![CDATA[Mi è piaciuto un video di @username: http://t.co/gI2xCfoA3b Scialpinismo - Monte Forcellina - parete NE - marzo 2014		]]></document>
	<document><![CDATA[Ho aggiunto un video a una playlist di @username: http://t.co/m3km9in2hI Walter Bonatti. Con I Muscoli, Con Il Cuore, Con La Testa		]]></document>
	<document><![CDATA[#459 - Beat the iron until it’s hot. (Courtesy of A. Castelletti) - Batti il ferro finché è caldo http://t.co/1TZHarHNPx		]]></document>
	<document><![CDATA[#463 - The step longer then the leg.  - Il passo più lungo della gamba http://t.co/BTmt33fS2n		]]></document>
	<document><![CDATA[#464 - Sugar burka. (Feat. A. Castelletti) - Zucchero velo http://t.co/sPRcLAnKCd		]]></document>
	<document><![CDATA[Mi è piaciuto un video di @username: http://t.co/Erf8Frr7nT El Enigma De Cerro Torre		]]></document>
	<document><![CDATA[Mi è piaciuto un video di @username: http://t.co/RKN2XiXoHS Daniel Karlsson Trio - Cowboy Song		]]></document>
	<document><![CDATA[#466 - What’s on dance? - Che c’è in ballo? http://t.co/nxDUYCJLjD		]]></document>
	<document><![CDATA[Mi è piaciuto un video di @username da @username: http://t.co/015kzrEuSC SOS Levrieri		]]></document>
	<document><![CDATA[Mi è piaciuto un video di @username: http://t.co/so5Jpj03L4 Scialpinismo - Monte Forcellina - parete NE - marzo 2014		]]></document>
	<document><![CDATA[Mi è piaciuto un video di @username: http://t.co/K1WwO4dsVy Scialpinismo - Piz Argient 3945m - 05/05/2014 - GoPro		]]></document>
	<document><![CDATA[Mi è piaciuto un video di @username: http://t.co/4IQXU1zU3w Best of Iiro irti		]]></document>
	<document><![CDATA[Mi è piaciuto un video di @username: http://t.co/XrlNAmMCYi CAETANO VELOSO@username - Come prima		]]></document>
	<document><![CDATA[Mi è piaciuto un video di @username: http://t.co/jr166zmn08 Chef Rosario Del Nero and the Italian Art of Food		]]></document>
	<document><![CDATA[Mi è piaciuto un video di @username da @username: http://t.co/znMNRe92vQ 'Design Is One' Trailer		]]></document>
	<document><![CDATA[#469 - Voice bringer. (Feat. A. Castelletti) - Portavoce http://t.co/goStLCYOr3		]]></document>
	<document><![CDATA[#471 - A shapeness.  - Una formalità http://t.co/b9HdV1JcWo		]]></document>
	<document><![CDATA[#474 - Hands eating. (Feat. A. Castelletti) - Mangiarsi le mani http://t.co/I7tw7WmPVS		]]></document>
	<document><![CDATA[#479 - I marry your idea. (Courtesy of A. Castelletti) - Sposo la tua idea http://t.co/GSWdrNVBL7		]]></document>
	<document><![CDATA[#486 - Social climber. (Courtesy of A. Castelletti) - Arrampicatore sociale http://t.co/ipJu2o8O04		]]></document>
	<document><![CDATA[Mi è piaciuto un video di @username: http://t.co/tGkzCvQCis Gustavo Santaolalla - Coyita		]]></document>
</author>