<?xml version="1.0" encoding="UTF-8" standalone="no"?><author id="18fc8412-8068-4993-9382-f44d716f092e" lang="en">
	<document><![CDATA[Last night at Albufeira!		]]></document>
	<document><![CDATA[@username have fun chicks		]]></document>
	<document><![CDATA[Like fashionweek RT @username: Floaty chiffon at Chloe #pfw  http://t.co/ORbkIRH		]]></document>
	<document><![CDATA['Oh na na, what's my name?' Love this song, Rihanna dussss...		]]></document>
	<document><![CDATA[En back to: De Meern.. #reality #kutdorp		]]></document>
	<document><![CDATA[@username yes babe, de bitch is back		]]></document>
	<document><![CDATA[Where the niggas at??		]]></document>
	<document><![CDATA[I just joined LinkedIn and created my professional profile. Join my network. http://t.co/2CCipmg #in		]]></document>
	<document><![CDATA[So you think pff onzinnnnnnnn		]]></document>
	<document><![CDATA[@username RT @username: YESS YESS!!  RT @username: 11 dec live on stage @username amsterdam Lloyd! Met als supportact @username !!		]]></document>
	<document><![CDATA[Leuk! Primarkkkkkkk 'First look: Primark Spring Summer 2012... it's a printed season! http://t.co/e2Z62sk #RT via @username'		]]></document>
	<document><![CDATA[@username wejowww accepteer!!  Hahah		]]></document>
	<document><![CDATA[It's green and fuzzyyyyy!  http://t.co/5XAtvBD		]]></document>
	<document><![CDATA[Roffaa, shopping time = happy time :) :) happy yukieeee		]]></document>
	<document><![CDATA[@username succes wen!		]]></document>
	<document><![CDATA[Ielgh.. Ik hoor Musiq Soulchild op de radio. F*CK hem!		]]></document>
	<document><![CDATA[Did you know that Kanye West interned at Fendi + was offered a postition at Versace? check out the twitter storm from last night @username		]]></document>
	<document><![CDATA[Haha cornflakes van LV, Gucci, Chanel of Cartier I like! "Cartier Crunch or Louis Vuitton Charmes" http://t.co/P0bMDbB		]]></document>
	<document><![CDATA[@username owwwww nu snap ik het.. Heavy shit		]]></document>
	<document><![CDATA[Thank you!!!! :D RT @username: @username YUUUUUKIEEEEEE Happy Bday!		]]></document>
	<document><![CDATA[Chan!!! @username  http://t.co/hcUWmqJ		]]></document>
	<document><![CDATA[De perfecte man! Humberto Tan - http://t.co/lfiYkuF		]]></document>
	<document><![CDATA[Need it nowwwww! RT @username: Nu in de winkel: ELLE + Trendgids		]]></document>
	<document><![CDATA['When a good thing goes bad, its not the end of the world..' #drake		]]></document>
	<document><![CDATA[Vind ik leuk.. RT @username: #Fastlife teaser check 't http://t.co/juCMggZ @username RT		]]></document>
	<document><![CDATA[You know. What it is.  http://t.co/uxTGYVg		]]></document>
	<document><![CDATA[@username catering van Jasmine Palace?		]]></document>
	<document><![CDATA[Usher - 8701 #love		]]></document>
	<document><![CDATA[Yeahhh "Mars en M&M's beperkt kilocalorieën candybars" http://t.co/2pfpdH4		]]></document>
	<document><![CDATA[#NW Trey Songz - Top Of The World  http://t.co/JT0gUmk		]]></document>
	<document><![CDATA[@username ja ik ben tante. And I am proud of it		]]></document>
	<document><![CDATA[Rood http://plixi.com/p/64608872		]]></document>
	<document><![CDATA[Alle shows volgen op twitter. MAAR ooit... Zal ik alle fashionshows afgaan.. Ooit. Dus. :(		]]></document>
	<document><![CDATA[Pastry of Nike Air force halen? #dezezomer #wit http://t.co/lrMcoVo http://t.co/saKwUrM		]]></document>
	<document><![CDATA[Chanel! I love :) RT @username: Take a look at Chanel runway. The show is about to start. ML http://t.co/1l78Gq5		]]></document>
	<document><![CDATA[One day I will do this: @username interview #LVLive Louis Vuitton - Marc Jacobs Exhibit at http://t.co/RGiQsYS.'		]]></document>
	<document><![CDATA[#NP Usher - Climax		]]></document>
	<document><![CDATA[@username follow me! Hahah ik heb niemand		]]></document>
	<document><![CDATA[@username stom... Je moet me followen heb niemand :p		]]></document>
	<document><![CDATA[''Act like a woman, think like a man.''		]]></document>
	<document><![CDATA["Editor in Chief - Yu Kwan Man"  http://t.co/JyKKKvy		]]></document>
	<document><![CDATA[Nice shoes! #dolce http://t.co/GVdgZU5		]]></document>
	<document><![CDATA[Woop woop RT @username: Tomorrowland beste festival ter wereld http://t.co/RweF9vh		]]></document>
	<document><![CDATA[Hellokitty en laduree macarons RT @username: Yummy! ML http://t.co/8ri5ryF		]]></document>
	<document><![CDATA[Fuck yellow claw!!!!! bleuhhhhh		]]></document>
	<document><![CDATA[#np Chris Brown - She Ain't You		]]></document>
	<document><![CDATA[Love this life - Only if you know how to enjoy it and embrace it..... Let it go		]]></document>
	<document><![CDATA[Hallo schatje????????! Credits@username  http://t.co/Sc8o2Zn		]]></document>
	<document><![CDATA[In the morning...		]]></document>
	<document><![CDATA[@username love that song!		]]></document>
	<document><![CDATA[Handroll shrimp http://t.co/QjFpvvu		]]></document>
	<document><![CDATA[So cute! Fortunecookies ???????? http://t.co/CVMDmzf		]]></document>
	<document><![CDATA[HYFR: Hell. Yeah. Fucking. Right.		]]></document>
	<document><![CDATA["If he only wants your breasts, legs and tights. Send him to KFC." #drake #quote ????		]]></document>
	<document><![CDATA[@username hahahah Amy :p you crazy in the morning		]]></document>
	<document><![CDATA[Brak in de bios. Meet the fockerssssss		]]></document>
	<document><![CDATA[@username Amy kom chillen :p		]]></document>
	<document><![CDATA[It's a sunny day! :)		]]></document>
	<document><![CDATA["Hi, I am made in China."		]]></document>
	<document><![CDATA["It's over until I say its over."		]]></document>
	<document><![CDATA[IEL. Don't mess with my pizza... #negativiteit #socialmediaonderzoek : http://t.co/PUZHQ3a		]]></document>
	<document><![CDATA[@username sorry.. hoop dat ie niet stuck in your head zit.. ass asss ass,  cake cake cake		]]></document>
	<document><![CDATA[WEEKEND TWEET		]]></document>
	<document><![CDATA["There is no way back if you choose this road."		]]></document>
	<document><![CDATA[@username yes! Net noodles op.		]]></document>
	<document><![CDATA["If a lie was love, tell me what you do? - Gregor Salto"		]]></document>
	<document><![CDATA[Rock the boat - Aaliyah		]]></document>
	<document><![CDATA[I am perfectly lonely - John Mayer #singlelife		]]></document>
	<document><![CDATA[Ik wil clutch! RT @username: Clutches #guccicannes http://t.co/W4i8d6Z		]]></document>
	<document><![CDATA[Swag or class RT @username: http://t.co/HxwR0vK		]]></document>
	<document><![CDATA[Mooiii RT @username: Wish you were here, Cannes. Photo by Alexis Dahan.  http://t.co/s5SqhQD		]]></document>
	<document><![CDATA[Latinhouse!		]]></document>
	<document><![CDATA[It's time for baileys!  http://plixi.com/p/66729380		]]></document>
	<document><![CDATA[@username nee is rettich!!		]]></document>
	<document><![CDATA[@username bijna watch the throne!!		]]></document>
	<document><![CDATA[Chris Brown / Sweet Love ????		]]></document>
	<document><![CDATA[Stomme clip RT @username: NO CHURCH IN THE WILD by director Romain Gavras http://t.co/x4VDvyY		]]></document>
	<document><![CDATA[Stage / Sales Care		]]></document>
	<document><![CDATA[Cute RT @username: Pastel shades @username #resort. ML  http://t.co/voBoDNS		]]></document>
	<document><![CDATA[Gat in me broek... Hole in the pants  http://t.co/9jlWKV6		]]></document>
	<document><![CDATA[@username reageer is op me whatsapp lieffie		]]></document>
	<document><![CDATA[@username vrijdag. HAM / Roc boys in the building / hindabuilding ohhhh		]]></document>
	<document><![CDATA[Vanavond my Ni**as in Paris / Arnhem !!!!!!!!!!		]]></document>
	<document><![CDATA[I love shopping. ????????		]]></document>
	<document><![CDATA[It's hard to find when you are not looking.....		]]></document>
	<document><![CDATA[Today is a happy day!! ????		]]></document>
	<document><![CDATA[''Why don't asians shave?" google suggesties http://t.co/iMMhUoJ		]]></document>
	<document><![CDATA[????????????????????????????????????????????? China here I come!		]]></document>
	<document><![CDATA[Nieuw! Bobby Brown Rouge  http://t.co/SdMozKn		]]></document>
	<document><![CDATA[Chit chat. Chit chat.		]]></document>
	<document><![CDATA[China, you are on my mind ????????????		]]></document>
	<document><![CDATA[@username eggtarts for Mio.. Agree?		]]></document>
	<document><![CDATA[@username thankyou		]]></document>
	<document><![CDATA[Hahaha watching Asian Jersey Shore		]]></document>
	<document><![CDATA[Hardlopen? JAAA HARDLOPEN!!!! Afvalluhhhhh		]]></document>
	<document><![CDATA[I just finished a 4,21 km run with Nike+ Running. http://t.co/9krNIfG #nikeplus		]]></document>
	<document><![CDATA[Politieagent checkt me bil... #notdone ???? motherfucker		]]></document>
	<document><![CDATA[If you don't like a guy, put him in the friendzone..		]]></document>
	<document><![CDATA[Beautiful day laying in the sun  http://t.co/lyGoZZo		]]></document>
	<document><![CDATA[@username Nice Rayban!		]]></document>
</author>