<?xml version="1.0" encoding="UTF-8" standalone="no"?><author id="1ed443b9-afda-47f8-a3cf-3341e174d9a3" lang="en">
	<document><![CDATA[#Turing trying the eleventh doodle machine!!!		]]></document>
	<document><![CDATA[via @username RT: @username: What is an open notebook? Advocate @username explains: http://t.co/bYEh5d6t		]]></document>
	<document><![CDATA[#Turing and tomorrow, Hoare and Knuth among others...		]]></document>
	<document><![CDATA[The Church (1988) Destination orig. http://t.co/DzNRlDTK live http://t.co/febmofro		]]></document>
	<document><![CDATA[waiting for @username The Church (1992) Lustre http://t.co/ufai8MBl		]]></document>
	<document><![CDATA[via @username RT: @username: European Commission embraces open-access? http://t.co/mNgs6cUN #openaccess #oa		]]></document>
	<document><![CDATA[Do You Owe Your Crappy Shave To Patents? http://t.co/QVJ8p0Yd		]]></document>
	<document><![CDATA["The Typical Number [...] contains all writings, which have been or will be ever written, in any possible language" http://t.co/LuStycek		]]></document>
	<document><![CDATA["Where is the Science in Computer Science?"
Vinton Cerf http://t.co/g9ximtEn		]]></document>
	<document><![CDATA[cc/ @username @username @username RT: @username: These [...] apps are brilliant, give them a try: http://t.co/ltJGTwZE #morphogenesis		]]></document>
	<document><![CDATA[tenía que pasar "Harvard says it can't afford journal publishers' prices" RT: @username: @username FYI, te gustará. http://t.co/3LftIun8		]]></document>
	<document><![CDATA[very good ideas RT: @username: Why academic publishing is like a coffee shop http://t.co/eY4bsmRx		]]></document>
	<document><![CDATA[Phillip Lord (2009) Knowledge Blog. Knowledge Blog. http://t.co/n6HTcPpR		]]></document>
	<document><![CDATA[Stephen Curry "if you use impact factors you are statistically illiterate" http://t.co/gomabYTg		]]></document>
	<document><![CDATA[As the things *used to be* http://t.co/J7TaDnDq (thx, Rory et al.) http://t.co/fUDL9Jjf		]]></document>
	<document><![CDATA[A top priority for Europe: secure the EU research and innovation budget! http://t.co/S7diQpzn		]]></document>
	<document><![CDATA[From a comment #ECSS2012 : I think there is much interest in 'entrepreneurship', when maybe the more relevant is 'intrapreneurship'		]]></document>
	<document><![CDATA[The Exa-point (2018-2020): supercomputers billion cores, laptop thousands cores, mobiles hundreds cores... wow #ecss2012		]]></document>
	<document><![CDATA[@username of course!!!		]]></document>
	<document><![CDATA["the madness is coming to an end. VCs are shying away from bullshit consumer ideas, and the enterprise is cool again" http://t.co/NmVEYmDv		]]></document>
	<document><![CDATA[Genial: "Two identifiers have the same scope if and only if their scopes terminate at the same point" http://t.co/awvFHGdx		]]></document>
	<document><![CDATA[nuevo disco de SxDx RT: @username: In case you missed our performance of "Machine Gun Blues" last night on Conan... http://fb.me/DSa35Aa6		]]></document>
	<document><![CDATA[RT: @username: +10 The Web We Lost - Anil Dash http://t.co/rT4Eq4Uu /via @username		]]></document>
	<document><![CDATA["It's exactly like what's said about democracy: the peer-review process isn't very good — but there really isn't anything that's better."		]]></document>
	<document><![CDATA[[...] la URI está en el RT, pero again: 'Peer review: Trial by Twitter' http://www.nature.com/news/2011/110119/full/469286a.html		]]></document>
	<document><![CDATA["Turing & Burroughs. A Beatnik SF Novel", by Rudy Rucker http://t.co/AospAoB4 (via @username)		]]></document>
	<document><![CDATA[Celebrating Leonardo Torres-Quevedo, Spanish inventor of the world’s first computer game | Official Google Blog - http://t.co/7TlwlNyH		]]></document>
	<document><![CDATA[@username @username en el original http://t.co/oDHemVPz dicen "Disable Java in web browsers", no dicen "uninstall"		]]></document>
	<document><![CDATA["Petition for MIT to apologize for role in Aaron Swartz prosecution" http://t.co/GpfzJE0i		]]></document>
	<document><![CDATA[... and the MIT President asks Hal Abelson "to lead a thorough analysis of MIT's involvement" http://t.co/QA91bpsC		]]></document>
	<document><![CDATA[cc/@username RT: @username: Using regular expressions in R http://t.co/vRRThFnw		]]></document>
	<document><![CDATA[Hal Abelson "January 22, 2013: To the MIT community" http://t.co/29sVX2tF (sobre análisis del MIT tras suicidio de A.Swartz)		]]></document>
	<document><![CDATA[RT @username RT: @username: Advice to new programmers from Joe Armstrong, creator of Erlang. http://t.co/aLeOvJSJ		]]></document>
	<document><![CDATA[Think aout		]]></document>
	<document><![CDATA["programming today hasn't improved much in the last 20 years - it was mess then and it's still a mess." Joe Armstrong http://t.co/1fBghHeS		]]></document>
	<document><![CDATA["IDE's and revision control systems have just made matters worse" Joe Armstrong http://t.co/1fBghHeS		]]></document>
	<document><![CDATA["what took me 40 years to learn, you must try to understand in 2-3 years, this is just not possible" Joe Armstrong http://t.co/1fBghHeS		]]></document>
	<document><![CDATA["'choose the language appropriate to the problem' if you know 2 languages [...] this isn't much help" Joe Armstrong http://t.co/1fBghHeS		]]></document>
	<document><![CDATA["What would I recommend learning? [list 7 langs] A couple of years should be enough (PER LANGUAGE)" Joe Armstrong http://t.co/1fBghHeS xDD		]]></document>
	<document><![CDATA[OpenAIRE opens access to EU scientific results http://www.openaire.eu/ #openaccess		]]></document>
	<document><![CDATA[@username those of LinkedIn		]]></document>
	<document><![CDATA[via @username RT: @username: "Freeing academic articles would also help univ's reclaim their place in public debates" http://t.co/UDGnTrXp		]]></document>
	<document><![CDATA[Veremos si se prohibe algo... “Review of evidence
on health aspects of air pollution” http://t.co/uSmTMbot noticia -> http://t.co/YGTvnlpM		]]></document>
	<document><![CDATA[Leslie Lamport "Why We Should Build Software Like We Build Houses" http://t.co/i3BxpaS2 via @username		]]></document>
	<document><![CDATA[Why is the process 'igxpmp32' slowing my laptop ALWAYS when I'm NOT docked? cc/ @username		]]></document>
	<document><![CDATA[@username powerpoint considered (very very very) harmful...		]]></document>
	<document><![CDATA["I've got no ambition, guess I'm out of place
Cos I'd rather go fishing than run in the race" Kevin Ayers		]]></document>
	<document><![CDATA[#PeerReviewing #1 #done , but another for tomorrow #ufff		]]></document>
	<document><![CDATA[#PeerReviewing #2 #done , but tired.		]]></document>
	<document><![CDATA[#yeahhh!!!! RT: @username: The Fleshtones - Feels Good To Feel (Live at Dig It Up!) http://t.co/zJ2rHbOZRu		]]></document>
	<document><![CDATA[Listening The Smithereens (2009) 'The Smithereens Play Tommy' http://t.co/Bh5heqwkPZ		]]></document>
	<document><![CDATA[It is still more difficult for women to succeed in the work place http://t.co/uH5PizQflj  http://t.co/43pBpdyyl1		]]></document>
	<document><![CDATA[@username thanks		]]></document>
	<document><![CDATA[This interview to Papadimitriou, simply genial http://t.co/5aLjqqVpSu (and look for the 'guest star') cc/ @username		]]></document>
	<document><![CDATA[???????????????????????????? @username "I love this part: --'Such a brilliant kid. What a waste'-- :-D" [?????http://t.co/bYgcUGnnwZ]		]]></document>
	<document><![CDATA[India Says: 'There Is No Direct Correlation Between IP And Innovation even for the Small and Medium Industries' http://t.co/nPvhirqGip		]]></document>
	<document><![CDATA['It is unfortunate that some [...] developed countries w'd like to showcase the positive effect of IP on innovation' http://t.co/nPvhirqGip		]]></document>
	<document><![CDATA['when historically these countries have reached this [...] development by focussing [..] their own domestic industry' http://t.co/nPvhirqGip		]]></document>
	<document><![CDATA[Ya decía yo que me sonaba esta voz... Imperial State Electric - That's Where It's At - http://t.co/DxKEufRwvc		]]></document>
	<document><![CDATA[Last year 136 cyclists were killed on Britain’s roads and a further 2428 seriously injured. (1/2)		]]></document>
	<document><![CDATA[In the same year the number of pedestrians and motorists killed by cyclists was one (2/2) http://t.co/XQxjlGGQaq		]]></document>
	<document><![CDATA[Mejor, el original: "Europe Is Right to Doubt German Euro Leadership", Spiegel Online http://t.co/iUEYK7i0bd		]]></document>
	<document><![CDATA[via @username RT: @username: Someone is getting all wrong [...] choosing his strategy to compete against the… http://t.co/y2kC3goAHO		]]></document>
	<document><![CDATA[Felicidades @username RT: @username: @username Happy 6th TwBirthday! You've been around since 30 March 2007! http://t.co/Yxt37Ci9Nn		]]></document>
	<document><![CDATA["Therefore the impact factor measures context more than quality" http://t.co/bZJngJGAeH		]]></document>
	<document><![CDATA[If You Tolerate This Your Children Will Be Next http://t.co/PfUUdEdqfK [se me antoja apropiada por diversas razones]		]]></document>
	<document><![CDATA[@username welcome, online from the class of #compi2 (tuiteando desde clase... de esta me echan)		]]></document>
	<document><![CDATA[@username ya te digo, you once kill a dog, and...		]]></document>
	<document><![CDATA[A must RT: @username: The Complexity Zoo https://t.co/k40TpNUc66 @username		]]></document>
	<document><![CDATA[@username 'I see red', X http://t.co/q5ohUpKa2N #CancionesDeOjos		]]></document>
	<document><![CDATA[Se ha muerto Ray Manzarek, gran pena: Riders http://t.co/bmXX4Kfpbn and fire http://t.co/R8esukhm7T		]]></document>
	<document><![CDATA["controlled vocabulary as alternative to database queries" J. Hardward en Deusto		]]></document>
	<document><![CDATA[Interoperability problems in the Humanities (J. Hardward): we at DELi know a lot about cc/ @username		]]></document>
	<document><![CDATA[J. Hardward presents use of OAC annotations to paint canvas #openArchives cc/ @username		]]></document>
	<document><![CDATA[W3C Open Annotation http://t.co/SlcdalR8ub		]]></document>
	<document><![CDATA[J. Hardward: "Projects need curation after funding end", the same for software development projects.		]]></document>
	<document><![CDATA[3205 tf (990 m) and descending		]]></document>
	<document><![CDATA[@username that kind ot stats or criteria are *very* relative: I was not on top third of my class... [deception?]...		]]></document>
	<document><![CDATA[@username ... but *was* on the 10% of people finishing their course in their year... yes, *only* 10% which is better?		]]></document>
	<document><![CDATA[@username the point to understand is that not everything is 'measurable', in fact, almost anything related to people is not measurable...		]]></document>
	<document><![CDATA[META-NET A Network of Excellence forging the Multilingual Europe Technology Alliance http://www.meta-net.eu/		]]></document>
	<document><![CDATA[very relevant post about people names RT: @username: Personal names around the world 1 http://bit.ly/e0fD0y		]]></document>
	<document><![CDATA[@username thank you too, here are stats: http://tweetstats.com/graphs/josuka		]]></document>
	<document><![CDATA[@username friday is 'twitter day', without doubt, isn't it?		]]></document>
	<document><![CDATA[Neil Young on Music Piracy, MP3 Hell http://www.readwriteweb.com/archives/interview_with_neil_young.php brutal, as usual		]]></document>
	<document><![CDATA[ACM Turing Award goes to Leslie Lamport http://t.co/MGD1XapTQJ		]]></document>
	<document><![CDATA[Emergency core cooling unit activated at Fukushima nuclear plant (19:34) http://english.kyodonews.jp/news/2011/03/76627.html		]]></document>
	<document><![CDATA[Japan declares atomic power emergency but says no radiation leaks (19:54) http://english.kyodonews.jp/news/		]]></document>
	<document><![CDATA["Japan has detected no abnormalities such as radiation leakage at nuclear power plants in the country" http://goo.gl/NObOQ		]]></document>
	<document><![CDATA[URGENT: 2,000 residents near Fukushima nuclear plant advised to evacuate http://english.kyodonews.jp/news/2011/03/76714.html		]]></document>
	<document><![CDATA[BREAKING NEWS: 1 reactor at nuclear power plant cannot be cooled down: Edano (22:06) http://english.kyodonews.jp/news/		]]></document>
	<document><![CDATA[Edano says evacuation from near nuclear plant is precautionary (22:17)		]]></document>
	<document><![CDATA[Fukushima nuclear plant under control: Edano (00:33) http://english.kyodonews.jp/news/ pero ¿estuvo 'out of control'? ufff		]]></document>
	<document><![CDATA[there are reports from [...] Tepco that the Fukushima No 2 plant has lost cooling to three of its reactors http://goo.gl/xJNqY		]]></document>
	<document><![CDATA[level of radiation in the control room of the No 1 reactor of [...] Fukushima Daiichi nuclear plant is "1,000 times higher than normal"		]]></document>
	<document><![CDATA[Ahora kyodo confirma que "Suppression pool may have been damaged at No. 2 reactor" http://english.kyodonews.jp/news/		]]></document>
	<document><![CDATA["The incident occurred at 6:10 a.m. and is feared to have damaged the reactor's pressure-suppression system"		]]></document>
	<document><![CDATA[kyodo: "Radiation tops legal limit after blast heard at Fukushima nuke plant (08:16)" (00:16 aquí) ¿?		]]></document>
	<document><![CDATA[kyodo: "Higher radiation levels measured in Ibaraki -- south of Fukushima (08:28)"		]]></document>
	<document><![CDATA[kyodo: "Lower pressure after blast suggests damage to suppression pool" & "Some workers begin to evacuate No. 2 reactor"		]]></document>
</author>