<?xml version="1.0" encoding="UTF-8" standalone="no"?><author id="1f17c4c3-0942-4fe5-8e03-5ad9f6a514d1" lang="en">
	<document><![CDATA[I can't very sleep		]]></document>
	<document><![CDATA[I be on my own dick, ain't not much room for you.		]]></document>
	<document><![CDATA[The struggle of tryna find shit to wear to work <<<		]]></document>
	<document><![CDATA[I neeeeeeeeeeed new clothesss man		]]></document>
	<document><![CDATA[I'm glad Zumies lets me wear whatever the fuck I want to work.		]]></document>
	<document><![CDATA[Got my vans on but they look like sneakers		]]></document>
	<document><![CDATA[Since when is there a real life version of the fairly odd parents on Disney channel?		]]></document>
	<document><![CDATA[Whose tryna clean my room for me? I'll pay you in gum.		]]></document>
	<document><![CDATA[I want some chicken fries.		]]></document>
	<document><![CDATA[2% milk!! ???????????? RT“@username: White people be like "I'm not just white, I'm" 

22% Irish
18% German
28% Italian
30% French
2% Milk”		]]></document>
	<document><![CDATA[Whys it gotta rain while I gotta be at work? ????		]]></document>
	<document><![CDATA[Can't wait to get my first paycheck.		]]></document>
	<document><![CDATA[When a song comes on, on shuffle I make myself believe it's destiny and that the song was supposed to come on at that given point in time		]]></document>
	<document><![CDATA[Or maybe I'm just too high?		]]></document>
	<document><![CDATA[Idk but I'm chillin in my car just listening to music cause I don't feel like going inside yet		]]></document>
	<document><![CDATA[Windows is foggy		]]></document>
	<document><![CDATA[Hate when I accidentally close my music app.		]]></document>
	<document><![CDATA[My days get darker so the haze gets sparked up		]]></document>
	<document><![CDATA[I forgot I had hot Cheetos hidden in my drawer so I'm bouta head inside lol		]]></document>
	<document><![CDATA[I ain't sleepin' so fuck it I'd rather be tweetin'		]]></document>
	<document><![CDATA[Eating hot Cheetos at night is a struggle		]]></document>
	<document><![CDATA[Like I can't chew loud cause I feel my crunch will wake everyone up		]]></document>
	<document><![CDATA[And if they wake up, I'm gonna have to share!		]]></document>
	<document><![CDATA[Uh oh. Someone's up		]]></document>
	<document><![CDATA[Wanna know what I haven't ate in a while?		]]></document>
	<document><![CDATA[Going to work decked out in all zumiez apparel, shit i should just pose as a mannequin.		]]></document>
	<document><![CDATA[Switched rooms with my sister cause hers is always cold as fuck. & I like the cold		]]></document>
	<document><![CDATA[Ima try and sleep early tonight		]]></document>
	<document><![CDATA[Yo I honestly miss that feeling of being in a relationship		]]></document>
	<document><![CDATA[Don't ever make decisions when you're bared off Xanax. Woke up in my sisters room, and apparently I asked her last night if we could switch		]]></document>
	<document><![CDATA[I just wanna move out of my moms house already man. I'd need at least two roommates who'd be not only down, but reliable.		]]></document>
	<document><![CDATA[My sisters nice enough to switch all out shit back and even clean my room while I'm at work. Lol		]]></document>
	<document><![CDATA[Off work, wassup for the night?		]]></document>
	<document><![CDATA[Fuck it. Im getting a mac.		]]></document>
	<document><![CDATA[Think my alphabet soup is trying to send me subliminal messages. ???? http://t.co/jddwzXgEts		]]></document>
	<document><![CDATA[Work		]]></document>
	<document><![CDATA[Honestly what does that Ice bucket challenge raise awareness for?		]]></document>
	<document><![CDATA[All the shit going on in this country, and in the world, and people dumping ice water on themselves to avoid donating to charity.		]]></document>
	<document><![CDATA[Idk man I just feel like this generation is fucked.		]]></document>
	<document><![CDATA[I've been watching this show called, continuum, and it's a trip. Corporations bail out the government, and they rule the country nowx		]]></document>
	<document><![CDATA[Seems like some shit that's going on these days, I wouldn't be surprised if this country ends up like the show		]]></document>
	<document><![CDATA[And instead of "anonymous" they got "Liber8"		]]></document>
	<document><![CDATA[I'm just tryna stay alive and take care of my people		]]></document>
	<document><![CDATA[And they don't have no award for that		]]></document>
	<document><![CDATA[Why can't I ever go to sleep early like regular people		]]></document>
	<document><![CDATA[I'm up listening to music thinking about how I'm 20 years old, and haven't accomplished anything I've wanted to so far in life ????		]]></document>
	<document><![CDATA[Sad truth		]]></document>
	<document><![CDATA[Everything will fall into its place given time though		]]></document>
	<document><![CDATA[My mustache is getting long haha i haven't shaved it.		]]></document>
	<document><![CDATA[I look like this guy ----> ????		]]></document>
	<document><![CDATA[My hair be looking funky.		]]></document>
	<document><![CDATA[I want some horchata		]]></document>
	<document><![CDATA[I wanna act ballerific like it's all terrific. Got a few past due bills i won't get specific.		]]></document>
	<document><![CDATA[I got a problem with spending before I get it		]]></document>
	<document><![CDATA[We all self conscious I'm just the 2nd to admit it. (Yeezy was first)		]]></document>
	<document><![CDATA[???? Add me on snapchat for shit like this. "AaronsRad" http://t.co/bnkh6FJCRc		]]></document>
	<document><![CDATA[That beat doe! https://t.co/ICUZ8gXLMD		]]></document>
	<document><![CDATA[Nigga I can't wait until I'm able to walk outside and it's cold as fuck		]]></document>
	<document><![CDATA[I got work at 5. Ughh		]]></document>
	<document><![CDATA[Just the other day my hair was long as fuck, and my face scrubby as hell now I can feel my scalp, and I got that baby face. Oh what a feelin		]]></document>
	<document><![CDATA[Need a BP partner to help me run tables at tonight's kickback. Hmu if you're tryna get drunk, and be around good vibes!		]]></document>
	<document><![CDATA[For real for real		]]></document>
	<document><![CDATA[Like hop into my DMS if you want info, anyone is welcome. Preferably females		]]></document>
	<document><![CDATA[I've realized a lot...		]]></document>
	<document><![CDATA[Taking a piss to the rhythm of cricket music.		]]></document>
	<document><![CDATA[I'm a fool man		]]></document>
	<document><![CDATA[School is about to start in two days. What.The.Fuck		]]></document>
	<document><![CDATA[I'd make a deal with the devil to have my life straightened out, and my mind clear		]]></document>
	<document><![CDATA[Work was a hoe today		]]></document>
	<document><![CDATA[When I was 18 and a girl was 2 years younger than me, I'd stay away. Now that 20, it's cool cause she'd be 18. Ain't that some shit		]]></document>
	<document><![CDATA[This summer has been so wack that I really see no point in going out tonight but it's the last Saturday of summer so fuck it		]]></document>
	<document><![CDATA[I never learn		]]></document>
	<document><![CDATA[What's going on tonight?		]]></document>
	<document><![CDATA[Sometimes I think, I should've listened to my D.A.R.E. Officer. Fuck		]]></document>
	<document><![CDATA[Work was packed as fuck today but nonetheless, pretty chill		]]></document>
	<document><![CDATA[All these vma tweets on my TL got me weak lol		]]></document>
	<document><![CDATA[I want all the Nike Sb's at Zumiez.		]]></document>
	<document><![CDATA[I just want a good girl who will be bad just for me		]]></document>
	<document><![CDATA[Beyoncé ain't even all that in my opinion		]]></document>
	<document><![CDATA[I can't sleep		]]></document>
	<document><![CDATA[She don't believe in shooting stars, but she believe in shoes and cars.		]]></document>
	<document><![CDATA[I haven't even printed out my schedule so I have no clue what buildings any of my classes are in		]]></document>
	<document><![CDATA[3rd year of college, holy shit feels like just yesterday I was in my 3rd year of high school.		]]></document>
	<document><![CDATA[I hope there's a cute ass brunette with dimples in at least one of my classes.		]]></document>
	<document><![CDATA[I still gotta go and order my MacBook.		]]></document>
	<document><![CDATA[My earliest class is at 9, that's not super early but fuck, I haven't even woke up anytime before 10 this whole summer ????		]]></document>
	<document><![CDATA[Excited to start learning about music this semester. Ima be a dope producer one day you can count on that.		]]></document>
	<document><![CDATA[I wanna produce music for all the artists in my music library. Shit ain't impossible		]]></document>
	<document><![CDATA[So much shit I wanna do in life, music ain't the only thing		]]></document>
	<document><![CDATA[My ego as huge as kanyes, but I don't like to talk the talk, unless I know I can back up the walk.		]]></document>
	<document><![CDATA['Cant tell me nothing' one of my favorite Kanye songs. Random fact		]]></document>
	<document><![CDATA[Old folks talking bout back in my day. But homie this is my day, class started two hours ago, OH, am I late?		]]></document>
	<document><![CDATA[Is anyone else looking at their phones with one eye open right now or just me?		]]></document>
	<document><![CDATA[Falling down the same rabbit hole looking for love		]]></document>
	<document><![CDATA[Frank ocean is way overdue for a new album man		]]></document>
	<document><![CDATA[If your life goals include a picture of Beyoncé, and her family, or of anyone else then you need to reevaluate your goals. Set your own		]]></document>
	<document><![CDATA[Taylor swift got negative booty cakes lmao		]]></document>
	<document><![CDATA[I'm starting to believe the woman of my dreams will only appear in my dreams		]]></document>
	<document><![CDATA[Can't wait for winter!!!!!!!!!!!		]]></document>
	<document><![CDATA[HAAAA, my last Retweet is on point		]]></document>
</author>