<?xml version="1.0" encoding="UTF-8" standalone="no"?><author id="5097f2bf-bb7a-48f3-8c40-278ed7ff655c" lang="en">
	<document><![CDATA[white people love flexing their mediocre musicial skillz		]]></document>
	<document><![CDATA[hello i am chloe jk shalissa		]]></document>
	<document><![CDATA[thats shalissa http://t.co/L295CAz7m4		]]></document>
	<document><![CDATA[@username youre rivht brb		]]></document>
	<document><![CDATA[“@username: @username 8 more shalissas” 7*		]]></document>
	<document><![CDATA[i hate hipsters that dont make hips stir!		]]></document>
	<document><![CDATA[my dicky is NOT getting wet tonight		]]></document>
	<document><![CDATA[@username im sober no thnx		]]></document>
	<document><![CDATA[but im not a rapper		]]></document>
	<document><![CDATA[waffle house was packed		]]></document>
	<document><![CDATA[this nerd is talking to me brb		]]></document>
	<document><![CDATA[objective, incomplete		]]></document>
	<document><![CDATA[@username right??		]]></document>
	<document><![CDATA[@username so was i its been so long :/		]]></document>
	<document><![CDATA[who is awake		]]></document>
	<document><![CDATA[@username wasssup fam		]]></document>
	<document><![CDATA[@username my toes are cold		]]></document>
	<document><![CDATA[4:20 please pray		]]></document>
	<document><![CDATA[@username they only care because shes white with an ass they didnt give a shit about nicki so why they care about iggy		]]></document>
	<document><![CDATA[@username not anymore:/		]]></document>
	<document><![CDATA[@username i hate the negros in the game rn man		]]></document>
	<document><![CDATA[@username i kept falling ssleep on the road now that im home im not sleepy		]]></document>
	<document><![CDATA[@username im hydrated for u		]]></document>
	<document><![CDATA[@username im 100% sure no one stans banks anymore after her saying niggas gotta use black magic to stop racism		]]></document>
	<document><![CDATA[@username ppl who stan her at this point are as ignorant as iggy stans i love azealias insite on racism but her mess makes it invalid		]]></document>
	<document><![CDATA[@username @username her blind fury is making her lose credibility so really what is it accomplishing		]]></document>
	<document><![CDATA[@username @username im all for defending my views when attacked on it but wishing molestation upon people and spitting slurs...		]]></document>
	<document><![CDATA[“@username: I love being out” where you goin?		]]></document>
	<document><![CDATA[i sound mildy educated rn let me cut this shit out		]]></document>
	<document><![CDATA[@username @username exploring new PUSSY		]]></document>
	<document><![CDATA[@username whos that		]]></document>
	<document><![CDATA[@username becky WISHES she looked like you		]]></document>
	<document><![CDATA[i want a hand tattoo		]]></document>
	<document><![CDATA[@username what		]]></document>
	<document><![CDATA[@username what are you talking about i dont have a line on my arm		]]></document>
	<document><![CDATA[@username oh! its a band not a line smh and its the hindu Om symbol		]]></document>
	<document><![CDATA[@username they be making these type of captions on anything		]]></document>
	<document><![CDATA[@username shade at azealia????		]]></document>
	<document><![CDATA[@username i want my whole entire left arm to be covered in tattoos and it sucks :/		]]></document>
	<document><![CDATA[@username ... get out of my face...		]]></document>
	<document><![CDATA[@username @username take a pic of yall kissing		]]></document>
	<document><![CDATA[@username @username will you be in nyc in april		]]></document>
	<document><![CDATA[@username @username ..... i knew that hangout with me		]]></document>
	<document><![CDATA[white people with frizzy ass dead ass hair: my afro is crazy today ????????		]]></document>
	<document><![CDATA[“@username: Girl, stop fucking with these fuckbois, they just wanna waste your time.” why you talking shit about yourself		]]></document>
	<document><![CDATA[“@username: Someone ask this faggot wtf he's talking about real quick bruh http://t.co/um7Aho4I8Z” looks like hes talking about you fuck boy		]]></document>
	<document><![CDATA[im taking this as a yes http://t.co/isRDXUCUiU		]]></document>
	<document><![CDATA[@username oprah saying so what is the truth		]]></document>
	<document><![CDATA[okaymoe is closeted i know he is		]]></document>
	<document><![CDATA[no one ever blocks me when i cut their ass		]]></document>
	<document><![CDATA[@username im right here tf		]]></document>
	<document><![CDATA[a white girl gave me a henna tattoo last night yes i am problematic http://t.co/66kttN5PnL		]]></document>
	<document><![CDATA[@username but theres gonna be less negros :P		]]></document>
	<document><![CDATA[“@username: @username UR legs are hairy” so is my asshole		]]></document>
	<document><![CDATA[i follow like 14 year olds on here is that legal		]]></document>
	<document><![CDATA[do u think jensen will be thirsty for me if i start taking selfies with a man bun		]]></document>
	<document><![CDATA[my mom is MIA i hope she went to get food		]]></document>
	<document><![CDATA[its my birthday today and no one has told me happy birthday:/		]]></document>
	<document><![CDATA[hmmm but can yall start tweeting more funny stuff again		]]></document>
	<document><![CDATA[@username what a fucking piss baby		]]></document>
	<document><![CDATA[“@username: the only kim that matters. kardashian who? http://t.co/IzdtRk2YxM” ????????????????????		]]></document>
	<document><![CDATA[@username @username she lowkey looks like u		]]></document>
	<document><![CDATA[@username u dont know how excited i am!!		]]></document>
	<document><![CDATA[@username all scary movies are now a days are jump scares and a 4 year old could master the art of the jump scares		]]></document>
	<document><![CDATA[@username i want one that makes me fear myself imma make it		]]></document>
	<document><![CDATA[@username @username isnt that the new one		]]></document>
	<document><![CDATA[@username @username I WATCHED THAT IN RHE THEATRES BUT I LEFT EARLY SO I COULD PREGAME FOR THIS HALLOWEEN PARTY IT WAS A HORRIBLE DECISION		]]></document>
	<document><![CDATA[@username @username HOW CAN I FINISH IT I NEED LINKS		]]></document>
	<document><![CDATA[@username look im hungry as fuck i dont have time for your jokes		]]></document>
	<document><![CDATA[hey		]]></document>
	<document><![CDATA[does a back flip into your girls urethra		]]></document>
	<document><![CDATA[“@username: my cat is actually mewtwo http://t.co/Qq5RxSgjBH” dont you fucking ever compare the best pokemon to that walking prune		]]></document>
	<document><![CDATA[@username honestly dont talk to me for 30 days		]]></document>
	<document><![CDATA[@username anita constantlyyyy cut his ass m		]]></document>
	<document><![CDATA[@username @username you have no valid input on men or animals ily tho		]]></document>
	<document><![CDATA[@username no its not really my birthday bae!!		]]></document>
	<document><![CDATA[when these pimples goin away http://t.co/6KNtDs9uSC		]]></document>
	<document><![CDATA[@username nothingness im 99% sure		]]></document>
	<document><![CDATA[my balls hurt :/		]]></document>
	<document><![CDATA[@username thats not the answer to everything loser		]]></document>
	<document><![CDATA[im going to be late because assholes decide to get in a car accident		]]></document>
	<document><![CDATA[im going to get fired		]]></document>
	<document><![CDATA[im going to puerto rico in 6 days but for some reason im sad??		]]></document>
	<document><![CDATA[im probably always sad bc i never get enough sleep and i am the person i told myself i would never be		]]></document>
	<document><![CDATA[not all lightskins ignore texts. but sadly i do, a lot.		]]></document>
	<document><![CDATA[did portman actually said she knows what its like to be black?		]]></document>
	<document><![CDATA[@username she will catch these hands		]]></document>
	<document><![CDATA[@username i dont see how that is a problem at all		]]></document>
	<document><![CDATA[“@username: Who is your problematic fave?” my mom		]]></document>
	<document><![CDATA[@username i hope its not real		]]></document>
	<document><![CDATA[@username @username the foot is my phone rn http://t.co/5wim5gLjQj		]]></document>
	<document><![CDATA[why do i pop pimples in public how dumb am i truly		]]></document>
	<document><![CDATA[@username @username she gay for dis dick ;-)		]]></document>
	<document><![CDATA[@username is this leo shade		]]></document>
	<document><![CDATA[*inserts dick into every circular hole i see*		]]></document>
	<document><![CDATA[@username i have to delete my account for a while brb		]]></document>
	<document><![CDATA[emotionally invested in the pussy		]]></document>
	<document><![CDATA[*shoves dick into garbage disposal*

*disposal turns on*

babe not so much teeth!

*bleed spews everywhere*

say you want my cummies		]]></document>
	<document><![CDATA[@username i wouldnt want to live without my dick anyway so let me die		]]></document>
	<document><![CDATA[@username i love you too:)) i got off work like an hour ago but i dont feel like driving home yet		]]></document>
</author>