<?xml version="1.0" encoding="UTF-8" standalone="no"?><author id="5fea747d-78d3-4baa-915b-1ef6d94c60a7" lang="en">
	<document><![CDATA[After writing volumes of "My watch" one would think he never wants to see GEJ ever cos he's the devil, but alas... "Interest" = politics!		]]></document>
	<document><![CDATA[Sigh! @username: Big hypocrite kuwa.RT @username: OBJ, such a hypocrite!”		]]></document>
	<document><![CDATA[@username such an evil and vile man who thinks he can live forever! Smh		]]></document>
	<document><![CDATA[And senseless! Smh @username: GEJ and his pointless campaigns.”		]]></document>
	<document><![CDATA[Indeed! @username: @username Just a politician. As any other.”		]]></document>
	<document><![CDATA[Ameen Ameen! Happy birthday brother! Allah's khair @username: I'm officially 27 years old. Allah ya raya ni da kowa.		]]></document>
	<document><![CDATA[I need February to end! @username: U need next week to end.		]]></document>
	<document><![CDATA[U say? @username: Am always cares with girls because of the pains they suffer from ????????”		]]></document>
	<document><![CDATA[Meena Weldone ???????????? @username: But why? ????????????????????"@username: “@username: Hard guy but you dey play candy crush.” http://t.co/NbEMUaudsV"”		]]></document>
	<document><![CDATA[Lmao @username: Te...re...ble RT @username: U say? @username: Am always cares with girls because of the pains they suffer from ????????””		]]></document>
	<document><![CDATA[I must Aswear! Moveeeeeee ????????????@username: Hard guy buh you know get beards . Don't @username me :|		]]></document>
	<document><![CDATA[Some of you are subbing yourselves sha..		]]></document>
	<document><![CDATA[???????????? @username: ????"@username: Some of you are subbing yourselves sha.."”		]]></document>
	<document><![CDATA[!!! @username: End of discussion!! RT @username: RT @username: Even the hardest of guys are soft for someone.”		]]></document>
	<document><![CDATA[Love you more darl ???????? @username: @username just made my day. I love you darling ????”		]]></document>
	<document><![CDATA[GOD! ???? @username: ????????????"@username: Boss chick boss chick but u still dey get menstrual cramps :p"”		]]></document>
	<document><![CDATA[I ain't no boss chick or boss lady, never been abeg! Nothing wrong with soft.. Even if na soft guy, nothing wrong with that ???		]]></document>
	<document><![CDATA[SMH @username: Hard guy but you no fit play two chics”		]]></document>
	<document><![CDATA[Lol! Still nothing wrong with them @username: ???????????????? Soft guys are just so ........ Soft @username @username”		]]></document>
	<document><![CDATA[Ah! @username: They speak like girls on phone @username @username”		]]></document>
	<document><![CDATA[Some guy just sub'd someone with one of these hard guy tweet & deleted it before the other guy could see.. Hard guy indeed! We dey observe ????		]]></document>
	<document><![CDATA[Or Nigeria! @username: World leaders march after killing of a couple of racist cartoonists in France but not for killing of 1000s of i		]]></document>
	<document><![CDATA[I tire @username: “@username: Hard babe but not a single toaster. . .” Na bread?”		]]></document>
	<document><![CDATA[Like smh @username: ????????????"@username: GOD! ???? @username: ????????????"@username: Boss chick boss chick but u still dey get menstrual cramps :p"”"”		]]></document>
	<document><![CDATA[Give me love like never before, cos lately I've been craving for more ????		]]></document>
	<document><![CDATA[Some men are interesting sha ????		]]></document>
	<document><![CDATA[Quick question: why can't some men marry wives they can do some out door activities together but you can with your gf? TF ????		]]></document>
	<document><![CDATA[Am disgusted really! Not a mystery, just nuna isa ne Kawai for some of them @username: @username still remains a mystery”		]]></document>
	<document><![CDATA[MARRY A WIFE YOU CAN PRESENT TO EVERYBODY! Parents, family, friends, business associates & can even stun enemies!		]]></document>
	<document><![CDATA[Yes o! @username: “@username MARRY A WIFE YOU CAN PRESENT TO EVERYBODY! Parents, family, friends, business associates & can!” Loud it!!”		]]></document>
	<document><![CDATA[Sosai kam @username: @username most of them don't understand the value of marriage thats the major problem”		]]></document>
	<document><![CDATA[A wife you can present to your family is excellent oh... But please go ahead and get a wife that can serve ALL or most of your purposes!		]]></document>
	<document><![CDATA[Don't keep your wife at home and go "borrowing" eloquent or as they say "polished" woman to present to the world! Just STOP ?		]]></document>
	<document><![CDATA[LOL! U have missed the point! I mean a presentable wife for all occasions & sometimes multipurpose sef @username: #WifeNotMultipurposeToo		]]></document>
	<document><![CDATA[@username I don't get why they still think that way wallahi! If they respect themselves, a woman will sure respect them no matter what!		]]></document>
	<document><![CDATA[Lmao I know na :p @username: Loool. I was messing with ya ;) @username”		]]></document>
	<document><![CDATA[Agree to disagree respectfully! Only men with Napoleon complex that want their ego worshiped will tell you a woman is "too polished" #Begone		]]></document>
	<document><![CDATA[Just had to rant that out ????????		]]></document>
	<document><![CDATA[All I want is the taste that your lips allow ????		]]></document>
	<document><![CDATA[Lmao thank you ko ?? @username: “@username: Just had to rant that out ????????” *hands her a glass of chilled water*”		]]></document>
	<document><![CDATA[?? @username: Ed ????“@username: All I want is the taste that your lips allow ????””		]]></document>
	<document><![CDATA[LOL @username: A'a bansan wasa ???? "@username: All I want is the taste that your lips allow ????"”		]]></document>
	<document><![CDATA[There's always a tweet or a song that goes with how am feeling every time.		]]></document>
	<document><![CDATA[Got you stuck on my body, on my body, like a tattoo ????		]]></document>
	<document><![CDATA[???? Try to tell you "no" but my body keeps on telling you "yes" ????
Try to tell you "stop", but your lipstick got me so out of breath ????		]]></document>
	<document><![CDATA[???????? @username: Amma make you beg till you scream Nagode ????????”		]]></document>
	<document><![CDATA[Amen @username: Dear God, deliver #Nigeria from psychopaths, egotists and schizophrenics

http://t.co/7XHsjyBgNx”		]]></document>
	<document><![CDATA[The Moment | Kenny G ??		]]></document>
	<document><![CDATA[That somebody was you ????		]]></document>
	<document><![CDATA[Colorless @username: What color is love?”		]]></document>
	<document><![CDATA[I am ?? @username: @username you must be a romantic ????”		]]></document>
	<document><![CDATA[????????????????? @username: Pout na fight????? http://t.co/xHOCO0aGpG”		]]></document>
	<document><![CDATA[LRT why are her eyes opened tho ????????????????????		]]></document>
	<document><![CDATA[???????????????????????? she stays sharp @username: Mei qiri qiri kenan ????????????????"@username: LRT why are her eyes opened tho ????????????????????"”		]]></document>
	<document><![CDATA[Silence translated...		]]></document>
	<document><![CDATA[Has to be a square root of negative zero ????		]]></document>
	<document><![CDATA[If we only hear the things we want to hear, we will never know the truth.		]]></document>
	<document><![CDATA[Tab! Lalai ???????? @username: “@username: Has to be a square root of negative zero ????” nerd ????”		]]></document>
	<document><![CDATA[Desires and secrets, aren't easily shared. It's a special feeling when you find someone who deserves them.		]]></document>
	<document><![CDATA[The secret in your smile, loud, yet so silent...		]]></document>
	<document><![CDATA[Very wrong o ???? @username: @username ????, wrong assumption”		]]></document>
	<document><![CDATA[The slightest of whispers can flourish negativity, be mindful of what you listen to.		]]></document>
	<document><![CDATA[But ehn ????... @username: @username either a nerd or an intellectual, U gotta choose one ????”		]]></document>
	<document><![CDATA[Sometimes I give myself the silent treatment just because we can be our own enemy sometimes.		]]></document>
	<document><![CDATA[The night is not clear, the stars seem so far away.		]]></document>
	<document><![CDATA[Abi @username: #Deep "@username: The secret in your smile, loud, yet so silent..."”		]]></document>
	<document><![CDATA[?? @username: #Gbam "@username: If we only hear the things we want to hear, we will never know the truth."”		]]></document>
	<document><![CDATA[On clear nights, they seem so close to us..		]]></document>
	<document><![CDATA[We should define our flaws instead of hiding them, it is more liberating.		]]></document>
	<document><![CDATA[Not a princess or all that but worthy of a kings love ??		]]></document>
	<document><![CDATA[Zero expectations help! @username: Ironic how I keep talking about people letting me down, and I keep letting them let me down.		]]></document>
	<document><![CDATA[That's how "I live" @username: @username that's how I always console myself”		]]></document>
	<document><![CDATA[We are only human, we can't help it sometimes ?? @username: @username me too! Dunno why I let it bother me ????”		]]></document>
	<document><![CDATA[Lol, not literally @username: *changes name to sanusi jnr,you called? RT @username Not a princess or all that but worthy of a kings love ??”		]]></document>
	<document><![CDATA[Amen! thanks @username: RT I wish you that @username: Not a princess or all that but worthy of a kings love ??”		]]></document>
	<document><![CDATA[A man doesn't need a throne to be a king, every good man is a KING! ????		]]></document>
	<document><![CDATA[Time invested in the right people is far more profitable than material investment.		]]></document>
	<document><![CDATA[Yes fa! @username: Abi? @username: A man doesn't need a throne to be a king, every good man is a KING! ????””		]]></document>
	<document><![CDATA[?? @username: “@username: Time invested in the right people is far more profitable than material investment.” I learn this everyday		]]></document>
	<document><![CDATA[Never stop giving your bright smile. Even if ya teeth is brown ????		]]></document>
	<document><![CDATA[People who stick with you regardless of how difficult you are worth keeping.		]]></document>
	<document><![CDATA[Not at all @username: Sha not a reason to be difficult “@username People who stick with you regardless of how difficult you are worth		]]></document>
	<document><![CDATA[Sometimes explanations are worthless, we hear what we want to hear.		]]></document>
	<document><![CDATA[People who make us smile without saying a word.		]]></document>
	<document><![CDATA[I manage to stay generally happy even when life gets shitty...
It's kinda awesome at the moment...		]]></document>
	<document><![CDATA[Urban water fronts as ticking time bombs  http://t.co/h8SHpPltEG		]]></document>
	<document><![CDATA[Listening to music with lyrics we are afraid to say...		]]></document>
	<document><![CDATA[Mind full of wonder..		]]></document>
	<document><![CDATA[The elasticity of my soul..		]]></document>
	<document><![CDATA[LOL! @username: Such profound wisdom "@username: Once a hausa always an illiterate"”		]]></document>
	<document><![CDATA[Lol @username: "@username: The elasticity of my soul.."

Hmmmm”		]]></document>
	<document><![CDATA[Bari Kawai ???????? @username: “@username: "My peppo my peppo" ????????????” ???? in his zone today”		]]></document>
	<document><![CDATA[So GMB's great grand mother was from IMO state ???????????????????????????? Sannu Rochas ?		]]></document>
	<document><![CDATA[???? @username: ROTLMAO "@username: So GMB's great grand mother was from IMO state ???????????????????????????? Sannu Rochas ?"”		]]></document>
	<document><![CDATA[Kawai ba ????lmao @username: Lol! Muhammadu Okechukwu Buhari . "@username So GMB's great grand mother was from IMO state ???????????????????????????? Sannu Rochas ?"”		]]></document>
	<document><![CDATA[Lmao @username: Lol! Muhammadu Okechukwu Buhari . "@username: So GMB's great grand mother was from IMO state ???????????????????????????? Sannu Rochas ?"”		]]></document>
	<document><![CDATA[Calculating the true cost of energy storage http://t.co/OjLJFfEgif by Tim Hennessey.		]]></document>
	<document><![CDATA[Sustainable cities: Infrastructure Costs + Urban Growth Management
 http://t.co/T2VpmD3Gt5		]]></document>
	<document><![CDATA[LOL! We all see elegance differently I guess... Lupita looks funny!		]]></document>
	<document><![CDATA[Cos u forever my lady, forever my baby ????		]]></document>
</author>