<?xml version="1.0" encoding="UTF-8" standalone="no"?><author id="91c6d3f2-738c-4b86-8f1c-31a2311f987d" lang="en">
	<document><![CDATA[My bitch stay my bitch so don't look she keep that pussy tucked.		]]></document>
	<document><![CDATA[I ate shit tryna dunk playing ball earlier. It's cool though I'm still a mufucking balla fur real.		]]></document>
	<document><![CDATA[I wanna start work at Zumies already.		]]></document>
	<document><![CDATA[I'm such a savage lol		]]></document>
	<document><![CDATA[I'm horngry.		]]></document>
	<document><![CDATA[Barely going to bed		]]></document>
	<document><![CDATA[Ayeee, I start work today!		]]></document>
	<document><![CDATA[First day of work today. Kinda nervous but mostly excited.		]]></document>
	<document><![CDATA[@username Ahh are you ready? Lol		]]></document>
	<document><![CDATA[@username Yeah it's gonna be just us two today too. Haha she seems pretty cool though.		]]></document>
	<document><![CDATA[@username How many hours did they say they'd be able to offer you as you start up?		]]></document>
	<document><![CDATA[@username Oh I see. I got a closing shift today. Haha I think they start us with like 4-8 hours and give us more the more sales we make.		]]></document>
	<document><![CDATA[@username I go in at 5. Do you know what time they close? Lol		]]></document>
	<document><![CDATA[@username And what time does it open?		]]></document>
	<document><![CDATA[@username Oh that's not too bad at all actually Haha.		]]></document>
	<document><![CDATA[Not to toot my own horn or anything but i look fly as fuck today. ????		]]></document>
	<document><![CDATA[Everything in life comes with a price.		]]></document>
	<document><![CDATA[The sun ain't gotta keep it ???? no more man. We know you's a real nigga bruh chill.		]]></document>
	<document><![CDATA[Going into work... Wish me luck. ????		]]></document>
	<document><![CDATA[Work was chill.		]]></document>
	<document><![CDATA[My coworker was surprised that I don't have a girlfriend because im half black and apparently I have an advantage here in the valley lol		]]></document>
	<document><![CDATA[Ladies is that true?		]]></document>
	<document><![CDATA[Born sinner, the opposite of a winner		]]></document>
	<document><![CDATA[My manager told me to make a playlist on my iPod to play music at work. I'm bouta have Zumies bumpin ????		]]></document>
	<document><![CDATA[@username Yesterday was my first day.		]]></document>
	<document><![CDATA[@username thanks bro. & I think they're still hiring. I'm not too sure		]]></document>
	<document><![CDATA[@username Haha I don't even know how to fully functionalize the register yet. Este vato no manches lmao		]]></document>
	<document><![CDATA[@username Haha I'm just messing with you. I don't even know how much my discount is I forgot to ask.		]]></document>
	<document><![CDATA[Got home from work and I knocked the fuck out		]]></document>
	<document><![CDATA[Holy shit dude 4 more days till my birthhhday.		]]></document>
	<document><![CDATA[A friend with weed is a friend indeed.		]]></document>
	<document><![CDATA[Hip hop, indie, and alternative rock makes up most of my iTunes library.		]]></document>
	<document><![CDATA[If you ain't gonna play your music loud then why play it all all?		]]></document>
	<document><![CDATA[My phone is dead but I have my iPod on blue tooth but there's wifi so cool		]]></document>
	<document><![CDATA[Hakuna Mafuckit... What a wonderful phrase.		]]></document>
	<document><![CDATA[A very good day indeed.		]]></document>
	<document><![CDATA[Tonight was funny as fuck.		]]></document>
	<document><![CDATA[The peace sign is just the trigger and the middle finger		]]></document>
	<document><![CDATA[My birthday is this weekend. The fact I'm turning 20 is so surreal.		]]></document>
	<document><![CDATA[Close my eyes and fall into, you.		]]></document>
	<document><![CDATA[And if god was a human it'd be yours truly.		]]></document>
	<document><![CDATA[Please reap what you sow nigga		]]></document>
	<document><![CDATA[Call you beautiful like if it was your name.		]]></document>
	<document><![CDATA[My whole fucking life is a science experiment.		]]></document>
	<document><![CDATA[I don't need nobody i would love somebody though.		]]></document>
	<document><![CDATA[Just a friendly reminder, my birthday is in two days. On Sunday. Ima just leave these here... http://t.co/fhGYwUARxE		]]></document>
	<document><![CDATA[Those shoes are so crispy.  ????????		]]></document>
	<document><![CDATA[@username How'd u know I was listening to that?		]]></document>
	<document><![CDATA[Been that nigga sitting in hell in fresh ass clothes.		]]></document>
	<document><![CDATA[@username Eagle powers?		]]></document>
	<document><![CDATA[Niggas think I'm living life paranoid, Muthafuck. That. Mayne.		]]></document>
	<document><![CDATA[Oh they got me twisted they don't know that boii.		]]></document>
	<document><![CDATA[Muthafuck. That. Mayne		]]></document>
	<document><![CDATA[“@username: Bby you deserve the whole entomatada”		]]></document>
	<document><![CDATA[I want there to be a thunderstorm.		]]></document>
	<document><![CDATA[I don't feel to good and I got work in an hour		]]></document>
	<document><![CDATA[What to do tonight...		]]></document>
	<document><![CDATA[I hope they don't call me into work today.		]]></document>
	<document><![CDATA[Tryna possibly catch a movie tonight.		]]></document>
	<document><![CDATA[It's my birthday bitch!!		]]></document>
	<document><![CDATA[@username Haha thanks bro!		]]></document>
	<document><![CDATA[@username Thanks bro I appreciate it!		]]></document>
	<document><![CDATA[@username Heeey, we have the same birthday! Lol happy birthday! ????		]]></document>
	<document><![CDATA[“@username: Happy birthday @username ??????????” thanks. ????		]]></document>
	<document><![CDATA[“@username: Happy birthday @username. Stay blessed!” Thanks!		]]></document>
	<document><![CDATA[I just seen people getting ran over on some GTAV shit.		]]></document>
	<document><![CDATA[@username Thanks bro.		]]></document>
	<document><![CDATA[“@username: @username Happy Birthday bro, hope you have a good one! 

#cloverandadream” Thanks man!		]]></document>
	<document><![CDATA[“@username: @username happy burfday” thanks man		]]></document>
	<document><![CDATA[I always see some crazy shit on my birthday.		]]></document>
	<document><![CDATA[We got a pool and nobody's swimming		]]></document>
	<document><![CDATA[If you have my number, call me. I appreciate voice calls more than a text.		]]></document>
	<document><![CDATA[The night is still young. And it's my birthday anything can go down		]]></document>
	<document><![CDATA[There's a full moon out. It looks nice as fuck		]]></document>
	<document><![CDATA[I need a hair cut		]]></document>
	<document><![CDATA[Today feels like any other day. Don't even feel like my birthday		]]></document>
	<document><![CDATA[Almost getting ran over last night was a hell of a way to start off my birthday.		]]></document>
	<document><![CDATA[Another birthday has come and gone.		]]></document>
	<document><![CDATA[@username Thanks. (:		]]></document>
	<document><![CDATA[My thoughts keep me up at night		]]></document>
	<document><![CDATA[My mind runs, I can never catch it even if I got a head start.		]]></document>
	<document><![CDATA[Good at pushing people away		]]></document>
	<document><![CDATA[Work		]]></document>
	<document><![CDATA[My manager let me pick out and bought me a pair of pants and a fresh ass shirt for my birthday. ????		]]></document>
	<document><![CDATA[Sexy girl cops are so sexy to me I'd wife one down why lie.		]]></document>
	<document><![CDATA[Well not a cop, more like a detective.		]]></document>
	<document><![CDATA[I'm watching this show called Continuum, and it is sick as fuck		]]></document>
	<document><![CDATA[IM GETTING CHICKEN FRIES TOMMOROW		]]></document>
	<document><![CDATA[There's supposed to be a meteor shower tonight		]]></document>
	<document><![CDATA[I'm tryna see meteors my brother and mom claimed they just seen some		]]></document>
	<document><![CDATA[I never would have though that.. Feelings would get thrown In the air.. Cause i accidentally caught that		]]></document>
	<document><![CDATA[I'm trapped inside this head of mine. Just tryna get some peace of mind.		]]></document>
	<document><![CDATA[My mom asked if I wanted whataburger earlier and I said no, but now I'm wishing I would've said yes. ????		]]></document>
	<document><![CDATA[Pizza whataburger and ice cream on my mind rn		]]></document>
	<document><![CDATA[I miss in n out		]]></document>
	<document><![CDATA[I don't like to talk about my feelings to, too much people. Only a select few get insight too my mind		]]></document>
	<document><![CDATA[A females mind intrigues me more than her body.		]]></document>
	<document><![CDATA[My fucking brother changed my profile pic and I just noticed lol		]]></document>
	<document><![CDATA[I bet y'all noticed and none of you bothered to tell me. Lol assholes		]]></document>
	<document><![CDATA[Sorry Nigga I'm Tryna Come Home		]]></document>
</author>