<?xml version="1.0" encoding="UTF-8" standalone="no"?><author id="99710477-8e8f-4387-b228-d8cc1ca86d17" lang="en">
	<document><![CDATA[Seeing some people giving highest importance to 'Love', I really feel surprised. Love is the last thing in my... http://t.co/keblkQgA		]]></document>
	<document><![CDATA[All girls are same. They try so much to show off that they care that at the end of the day it is more a pain than anything else.		]]></document>
	<document><![CDATA[Just heard a superhit song "I want to hit somebody". What lyrics! Even better than Zandu balm. Thanks to the autowala.		]]></document>
	<document><![CDATA[I wish everybody have more reasons to live... I have mine.		]]></document>
	<document><![CDATA[All right... for a change let's exchange some gyan. what is meant by "Boga"???		]]></document>
	<document><![CDATA[2nd day of 5day rest... gt time to understand the capabilities of my mobile (after 6 months of buying). Nice to... http://t.co/FQw0Osfw		]]></document>
	<document><![CDATA[A friendly suggestion to a friend: Please check what you are posting. Or people will have wrong interpretation.		]]></document>
	<document><![CDATA[Completely unfair... SRK in KBC and MSD in Mohali at a crucial point... Both should take place seperately. I... http://t.co/GjgYWHNQ		]]></document>
	<document><![CDATA[Well... that is it. I declare end of this war. I just couldn't figure out who are my frnds and who are nt.... http://t.co/QdnVf0B8		]]></document>
	<document><![CDATA[As I declared the end of war more attack statrted coming. I am not weak. So be careful. And she said of love everyday...		]]></document>
	<document><![CDATA[Hillarious.... good bye. FB. that's it. I guess no more misunderstandings.		]]></document>
	<document><![CDATA[I am sorry if my posts hv hurt anyone. I seriously didnt post anythin against anyone(except 1) on purpose.		]]></document>
	<document><![CDATA[I personally apologise to two guys (they'll knw). You were never my targets.		]]></document>
	<document><![CDATA[Life has become so complicated... I wish I could get my smile back. Dont remember last time...		]]></document>
	<document><![CDATA[@username thanks dear.		]]></document>
	<document><![CDATA[Getting lost alone in the crowd... Uff... I am tired of myself...		]]></document>
	<document><![CDATA[Just as long as you stay stand by me...		]]></document>
	<document><![CDATA[Today is 1-11-11. Waiting for 11-11-11.		]]></document>
	<document><![CDATA[Never tell your problems to anyone... 20% don't care and the other 80% are glad you have them....		]]></document>
	<document><![CDATA[Difference between "mutual friend" and "common friend" anyone? watch out facebook...		]]></document>
	<document><![CDATA[Strike while the iron is hot...		]]></document>
	<document><![CDATA[RT @username Bhupen Hazarika's condition worsens: He has been put on dialysis as both kidney's have failed.		]]></document>
	<document><![CDATA[Live I-league!!! Like it.		]]></document>
	<document><![CDATA[You are most dangerous when you don't have any goal... for the first time I'm afraid of me...		]]></document>
	<document><![CDATA[All is such bullshit... this is simply so wrong.		]]></document>
	<document><![CDATA[If I am all alone I am lucky. I don't have anyone to die for.		]]></document>
	<document><![CDATA[Baby, baby, baby, ohhhh..
Like baby, baby, baby, noooo....
Like baby, baby, baby, ohhhhh....
I thought you'd always be mine		]]></document>
	<document><![CDATA[It takes a minute to have a crush on someone, An hour to like someone, And a day to love someone... but it takes... http://t.co/bKLRVFwJ		]]></document>
	<document><![CDATA[The person who said: All is fair in love and war, Obviously wasn't the person being hurt!		]]></document>
	<document><![CDATA[RT @username: Sachin Tendulkar completes 15,000 Test runs  #IBNLiveforiPad		]]></document>
	<document><![CDATA[:) :D :P :o :( :'(  ..... and I thot it is my past????		]]></document>
	<document><![CDATA[There must be an end... and perhaps this is it.		]]></document>
	<document><![CDATA[18-1 good score... where does it end?		]]></document>
	<document><![CDATA[Had an "extensive" shopping with a very special person. 6hours... gt enuf of XP to upgrade to xp>vista>7.		]]></document>
	<document><![CDATA[I dont say sorry if i dont mean it.		]]></document>
	<document><![CDATA[On a shopping spree... 3days in a row... now my leg is hurting. Gathered XP btw.		]]></document>
	<document><![CDATA[Rescheduling life. well in a way...		]]></document>
	<document><![CDATA[hv come to see ROCKSTAR. hope it turns out good. otherwise someone s going to blame me fr it.		]]></document>
	<document><![CDATA[Disappointed. evn d best Ranbir so far and rocking ARR failed to lift d movie which cud hv been far better.		]]></document>
	<document><![CDATA[Nargis was d weakest point. hope Imtiaz does nt go out of heroines so soon.		]]></document>
	<document><![CDATA[Enjoying a movie also depends on the surroundings. today it was the worst.		]]></document>
	<document><![CDATA[Love is a lost art. so true.		]]></document>
	<document><![CDATA[Morale of today. Look before you watch. :P		]]></document>
	<document><![CDATA[forget movies. somebody is feeling like Gopal Misra. best wishes.		]]></document>
	<document><![CDATA[Happy children's day. dont let the child within you die... stop war. make love.		]]></document>
	<document><![CDATA[It's getting hot!! fr those missed out gopal misra, he is d protagonist of revolution 2020!		]]></document>
	<document><![CDATA[mask is more for protection than aggression... Dont push me to be aggresive. cuz.. i'm good at dat as well.		]]></document>
	<document><![CDATA[I am tired. People must knw wht they say.		]]></document>
	<document><![CDATA[RT @username Ind-WI, 2nd Test: Rahul Dravid scores his 36th Test century  #IBNLiveforiPad		]]></document>
	<document><![CDATA[On a lighter mood... what should be the ringtone when your loved one calls? My fav is "Ye Tumhari Meri Baatein" from "Rock On"..		]]></document>
	<document><![CDATA[Wish I had enuf money (frm corruption ofcrs). I ud hv opened a engg college by now. any sponsors?		]]></document>
	<document><![CDATA[If you hv money. no1 can touch you. cheer to corruption.		]]></document>
	<document><![CDATA[When night has come,
And land is dark,
And the moon is the only light...		]]></document>
	<document><![CDATA[Heard a fish vendor talking to a customer, he was requesting not to use plastic bags.. nt fr his own profit, bt... http://t.co/ceLcMg0a		]]></document>
	<document><![CDATA[Tired of hearing good things about me.. plz point out my bad parts as well.. plz comment.		]]></document>
	<document><![CDATA[Finally achieving at least a single goal, set long ago by me.. Hope I maintain it properly.		]]></document>
	<document><![CDATA[Listening to Desi Boyz. Like them actually for a change..		]]></document>
	<document><![CDATA[A simple question I ask my frnds everyday. Today I want to hear that.		]]></document>
	<document><![CDATA[This is being rather a long wait...		]]></document>
	<document><![CDATA[And thankfully  the wait is over.. :)		]]></document>
	<document><![CDATA[Finally able to set a goal in life. Now how to get that. Trust me c s a buti.		]]></document>
	<document><![CDATA[@username I think u r getting terribly wrong.		]]></document>
	<document><![CDATA[Returning to the regular life in few hours. Tired as much as possible. Many wonderful pictures wait to be shared but I cannot anymore.		]]></document>
	<document><![CDATA[I posted a new photo to Facebook http://t.co/9YfUABki		]]></document>
	<document><![CDATA[Ishrat Jahan encounter was fake: SIT tells Gujarat HC - India News - IBNLive http://t.co/wTIe5oly via @username		]]></document>
	<document><![CDATA[A simple question I ask my frnds everyday. Today I want to hear that... (And I post it for the second time. Life is not so simple silly)		]]></document>
	<document><![CDATA[A year all set to finish as it started... Well may be both good and bad...		]]></document>
	<document><![CDATA[Heart is a pumping machine right? Then why does it pain when one miss someone close?		]]></document>
	<document><![CDATA[Don't feel to share anything when I have so much to tell.. Someday I may kill myself if not someone else.		]]></document>
	<document><![CDATA[Sheer madness surrounding me. Live and let live, must be the first rule.		]]></document>
	<document><![CDATA[R Ashwin, 5wkt and now a century.. atleast now we should for get about bhajji..		]]></document>
	<document><![CDATA[It feels weird(good mainly) when someone I dont know(system generated) tells u wht I wanted to hear for so long.		]]></document>
	<document><![CDATA[Thanks twitter.		]]></document>
	<document><![CDATA[Alert.. Bitten by the 'K'-bug. Liked hearing the song-u song-u. waiting for the original-u. :)		]]></document>
	<document><![CDATA[The unmentionable thing is in the air.. not bad really. :)		]]></document>
	<document><![CDATA[4hours of sleep for the 5th day.. yaaaaaawn.... Feeling super sleepy.		]]></document>
	<document><![CDATA["hueva.. dis tym don say no"-- A very close person to me. Like it is that easy.		]]></document>
	<document><![CDATA[A girl looks best on her marriage day.. true. Best dress, glittering golds.. and a shy smile having the best... http://t.co/GRlzSIc2		]]></document>
	<document><![CDATA[Now I know how it feels.. I need to apologize.. but dont know if I'll ever get it..		]]></document>
	<document><![CDATA[BTW, it is 22-1..		]]></document>
	<document><![CDATA[The last month of the year... Plenty to look back and think...		]]></document>
	<document><![CDATA[If your world is centered around a thing or a person, you start making a circle and dont go anywhere.		]]></document>
	<document><![CDATA[365th tweet.. not a bad going		]]></document>
	<document><![CDATA[Life seldom gives you second chance. So grab it... before you miss it.		]]></document>
	<document><![CDATA[Point of no return ahead.. alert.		]]></document>
	<document><![CDATA[Taking extra care of myself. Not bad to start late than never. Thanks must go to someone starting with 'P' :)		]]></document>
	<document><![CDATA[RT @username: India has many corrupt shops who refuse to give receipts on cash payments. I always insist for it. You also should.		]]></document>
	<document><![CDATA[In difficult times thank all of them who make your life miserable. You could not have a better way of making yourself strong.		]]></document>
	<document><![CDATA[Again 3:30 AM. Stretched morning. Then workout. Feeling tired.		]]></document>
	<document><![CDATA[11121 seconds. well that's pretty much..		]]></document>
	<document><![CDATA[RT @username I say it again! I never saw sir viv bat but iv seen sehwag bat! what a player 219 in a one day game is next to impossible!		]]></document>
	<document><![CDATA[RT @username Cheers lala congratulations!!  @username way to go buddy !		]]></document>
	<document><![CDATA[One of the darkest day of my life. A year on.		]]></document>
	<document><![CDATA[RT @username Every time I see incidents like #AMRI I'm convinced we really are a 3rd world nation with delusions of greatness.		]]></document>
	<document><![CDATA[RT @username Of course the doctors & staff fled, what else would explain the ratio of staff & patient casualties - 70:3 #AMRI.		]]></document>
	<document><![CDATA[Leave the past behind and move on for a better future.		]]></document>
	<document><![CDATA[Everything is falling apart. All right... Life is not so simple dude.		]]></document>
	<document><![CDATA[two strange things I saw today. 1.keeping pen in the sleeve. 2.why wear a watch if it is 15min fast than original time!!		]]></document>
	<document><![CDATA[A beautiful song marred by a violent co-passenger. Impossible... why women dont forget that it is not is home.		]]></document>
	<document><![CDATA[3 n half hours of sleep. Today it is going to be a hell of a day.		]]></document>
</author>