<?xml version="1.0" encoding="UTF-8" standalone="no"?><author id="a1e96b2b-17eb-4450-911b-751a31fadf15" lang="en">
	<document><![CDATA["@username: This would perfect right now http://t.co/MzwooqeYRX"		]]></document>
	<document><![CDATA["@username: music has helped me more than people have"		]]></document>
	<document><![CDATA["@username: "@username: Fake people." To much" ????		]]></document>
	<document><![CDATA["@username: Always be strong enough to let go, and be wise enough to wait for what you deserve."		]]></document>
	<document><![CDATA[Wood Stick - Great Minds. http://t.co/TPHKCElwQc		]]></document>
	<document><![CDATA[AL MISSELIJK? http://t.co/DwH0hmPxXL		]]></document>
	<document><![CDATA["@username: Sometimes it's best not to care."		]]></document>
	<document><![CDATA[Me, myself and I. ????		]]></document>
	<document><![CDATA[What goes around comes back around.		]]></document>
	<document><![CDATA["@username: "@username: All the bullshit made me strong.""		]]></document>
	<document><![CDATA["@username: old enough to know better, young enough not to give a fuck"		]]></document>
	<document><![CDATA["@username: How can you understand something that you never had?"		]]></document>
	<document><![CDATA["@username: Refresh your mind, clear all your problems and just have fun with life."		]]></document>
	<document><![CDATA["@username: Don't bring bad energy around me..."		]]></document>
	<document><![CDATA[#Np B-Brave Ft. Cho - Waddup		]]></document>
	<document><![CDATA[RT @username: Don't think i could forgive you		]]></document>
	<document><![CDATA[RT @username: fuck you for making me hate you when i was all about you		]]></document>
	<document><![CDATA[We make love and then we fuck and then you give me my space.		]]></document>
	<document><![CDATA["@username: Stay real, stay loyal, or stay the fuck away from me"		]]></document>
	<document><![CDATA["@username: don't lose yourself trying to find someone else"		]]></document>
	<document><![CDATA["@username: TrueStory http://t.co/CtXzGWmWC3"		]]></document>
	<document><![CDATA[I wanna let you know how I feel.		]]></document>
	<document><![CDATA["@username: don't become who hurt you"		]]></document>
	<document><![CDATA["@username: "@username: When I get a text from you, I immediately stop whatever I was doing to read it.""		]]></document>
	<document><![CDATA["@username: A real king always has his queen’s back http://t.co/cvH1nd49Yu"		]]></document>
	<document><![CDATA["@username: I miss what we almost had"		]]></document>
	<document><![CDATA["@username: Uhm, Can we cuddle?"		]]></document>
	<document><![CDATA[I am stuck in a generation where love is just a quote.		]]></document>
	<document><![CDATA[He is so cute, damn ????		]]></document>
	<document><![CDATA["@username: "@username: A middle finger emoji would be perfect. ????""		]]></document>
	<document><![CDATA["@username: "@username: Not even a million fights could make me hate you.""		]]></document>
	<document><![CDATA["@username: “@username: Bored friday ????”"		]]></document>
	<document><![CDATA["@username: No time for part time people in my full time life."		]]></document>
	<document><![CDATA["@username: don't get burned twice by the same flame"		]]></document>
	<document><![CDATA["@username: Don't forget to be awesome ????"		]]></document>
	<document><![CDATA["@username: Rs http://t.co/JjcMHSUMOt"		]]></document>
	<document><![CDATA["@username: It's really unattractive when girls try to act dumb thinking its cute"		]]></document>
	<document><![CDATA[Goodmorning.		]]></document>
	<document><![CDATA["@username: Wie of wat is TP4Y" aids		]]></document>
	<document><![CDATA["@username: Sometimes, we need to stop analyzing the past and start planning the future."		]]></document>
	<document><![CDATA["@username: “@username: Can't sleep at night, can't get up in the morning.”"		]]></document>
	<document><![CDATA["@username: Mood http://t.co/3xbL0NjCpm"		]]></document>
	<document><![CDATA["@username: don't talk to me when no one else is giving you attention."		]]></document>
	<document><![CDATA["@username: it ain't worth it, if you not happy"		]]></document>
	<document><![CDATA["@username: They ignore you now, but they'll need you later."		]]></document>
	<document><![CDATA["@username: last thing I wanna do is say goodbye to you"		]]></document>
	<document><![CDATA["@username: How adorable ???? http://t.co/cu739iuSEO"		]]></document>
	<document><![CDATA[Fuck what I said it dont mean shit now,
fuck the presents might as well throw em out.		]]></document>
	<document><![CDATA[I can't even fuck with you, cause if we out in public, you gon' get caught stealing some shit and get my ass in trouble too.		]]></document>
	<document><![CDATA[I don't want you to leave, will you hold my hand?		]]></document>
	<document><![CDATA[RT @username: RT @username: Don't trust words, trust actions.		]]></document>
	<document><![CDATA[I don't know what your love has done to me.		]]></document>
	<document><![CDATA[My only weakness is you, only reason is you.		]]></document>
	<document><![CDATA[You changed my whole life.		]]></document>
	<document><![CDATA["@username: "@username: RT @username: ???? http://t.co/YwXbaXPc8a""		]]></document>
	<document><![CDATA["@username: I want you next to me. Right now"		]]></document>
	<document><![CDATA["@username: "@username: Nobody is ever too busy. If they care, they will make time.""		]]></document>
	<document><![CDATA["@username: I'm not a morning person. ????"		]]></document>
	<document><![CDATA[Goodmorning		]]></document>
	<document><![CDATA["@username: “@username: Don't hide the truthh”"		]]></document>
	<document><![CDATA["@username: "@username: Man ???? this shit accurate... http://t.co/0IwMr2ymja""		]]></document>
	<document><![CDATA[We be all night.		]]></document>
	<document><![CDATA[I just want to ease your mind and make everything all right. So go head tell your baby mama you gon be with me tonight.		]]></document>
	<document><![CDATA[@username - Jhene Aiko Ft. Childish Gambino - Bed Peace.		]]></document>
	<document><![CDATA[Gotta call your job tell em' you won't make it. Ain't nobody here baby lets get wasted.		]]></document>
	<document><![CDATA[It's not love, but it's pretty close.		]]></document>
	<document><![CDATA[Every other day's a different game that you just can't win.		]]></document>
	<document><![CDATA[Put it down on me, just put it down on me, down down on me.		]]></document>
	<document><![CDATA[I need a soldier that ain't scared to stand up for me. Known to carry big things, if you know what I mean.		]]></document>
	<document><![CDATA[Now that you're out of my life, I'm so much better.		]]></document>
	<document><![CDATA[You thought that I'd be weak without you, but I'm stronger.		]]></document>
	<document><![CDATA[You thought that I'd be broke without you, but I'm richer.		]]></document>
	<document><![CDATA[You thought that I'd be sad without you, I laugh harder.		]]></document>
	<document><![CDATA[You thought I wouldn't grow without you, now I'm wiser.		]]></document>
	<document><![CDATA[Though that I'd be helpless without you, but I'm smarter.		]]></document>
	<document><![CDATA[You thought that I'd be stressed without you, but I'm chillin'.		]]></document>
	<document><![CDATA[I'm a survivor 
I'm gonna make it 
I will survive 
Keep on survivin'		]]></document>
	<document><![CDATA[You thought that I would die without you, but I'm livin'.		]]></document>
	<document><![CDATA[RT @username: @username loool < hater		]]></document>
	<document><![CDATA["@username: SOME TEACHERS REALLY NEED TO UNDERSTAND THIS http://t.co/h3yD8Xj5UX"		]]></document>
	<document><![CDATA[I'm wishing you the best.
Pray that you are blessed.		]]></document>
	<document><![CDATA[After of all of the darkness and sadness soon comes happiness.		]]></document>
	<document><![CDATA[You thought I couldn't see without you, perfect vision.		]]></document>
	<document><![CDATA[I'm getting closer to the edge and I'm about to fall, 'cause of you I don't remember who I am.		]]></document>
	<document><![CDATA[RT @username: Sometimes, what we want isn't what's best for us....		]]></document>
	<document><![CDATA[You need a real woman in your life.		]]></document>
	<document><![CDATA[There was a time, I thought, that you did everything right.. No lies, no wrong, boy, I must’ve been outta my mind.		]]></document>
	<document><![CDATA[When I think of the time that I almost loved you, you showed your ass and I saw the real you.		]]></document>
	<document><![CDATA[You don’t deserve my tears, I guess that’s why they ain’t there.		]]></document>
	<document><![CDATA[We ain't picture perfect but we worth the picture still.		]]></document>
	<document><![CDATA[Love yourself girl, or nobody will.		]]></document>
	<document><![CDATA[Her mind is on a different level.		]]></document>
	<document><![CDATA[She fuck, she suck, she swallow man, it's like a triple double.		]]></document>
	<document><![CDATA[Can see it in your eyes, you look for trouble.		]]></document>
	<document><![CDATA[Just because they fuck ya, girl, don't mean them niggas love ya.		]]></document>
	<document><![CDATA[Mama couldn't never reach her. Brother tried his best to teach her.		]]></document>
	<document><![CDATA[She thinks she's ready for the world, just look at daddy's little girl.		]]></document>
	<document><![CDATA[RT @username: don't waste ur time wasting mine		]]></document>
	<document><![CDATA["@username: “@username: when u grab the booty & bae tells u "no" https://t.co/hZYRLojOdL”" ahw die baby is cuteee		]]></document>
	<document><![CDATA["@username: I wanna make memories with you"		]]></document>
</author>