<?xml version="1.0" encoding="UTF-8" standalone="no"?><author id="c657394c-bcbd-4b64-8d3a-820011bc8e23" lang="en">
	<document><![CDATA[Tsup. http://t.co/18OWsg0l17		]]></document>
	<document><![CDATA[We're discussing to relocate a meeting in Israel and the local organizer finds "the phrasing of the recommendation offensive".		]]></document>
	<document><![CDATA["Post by @username is performing better than 90% of other posts on page #Zelemenjava." Kaj, ?e ti kar admin password dam, pa sva zmenjena;)		]]></document>
	<document><![CDATA[@username Tromba squash takes a ride through town. Thanks for the seeds! http://t.co/dNwdh79bx0		]]></document>
	<document><![CDATA[Not in Boston but a revolutionary Tea Party nevertheless. http://t.co/LlsPgAdlOx		]]></document>
	<document><![CDATA[Don't ask what your garden can do for you. Ask what you can do for your garden. #HappyWeekend		]]></document>
	<document><![CDATA[Team Work http://t.co/EZ4Dh2g6ii		]]></document>
	<document><![CDATA[@username Dream Team :)		]]></document>
	<document><![CDATA[@username "So she and her photographer friends did what anybody would do in their position." #lolprelol		]]></document>
	<document><![CDATA[No, to. http://t.co/c136acgyqm		]]></document>
	<document><![CDATA[Že ene par sezon se trudim s korakom št. 1: "Admit you live in a small space. Deal with it." http://t.co/EsrYeAmDQV		]]></document>
	<document><![CDATA[@username As soon as I submit this paper :/ @username		]]></document>
	<document><![CDATA[I'm being paid to hang out on Twitter for scientific purposes. How cool is that.		]]></document>
	<document><![CDATA[@username LOL, #businessmodel of the century!		]]></document>
	<document><![CDATA[@username I only work for the breaks. @username		]]></document>
	<document><![CDATA[Faster-than-shutterspeed http://t.co/MaIii6bHvA		]]></document>
	<document><![CDATA[Kale is the new bacon #LOL		]]></document>
	<document><![CDATA[@username Yes, please! @username		]]></document>
	<document><![CDATA[I love to bring some of my garden home. And I love to take it to people without one. #GardensWithoutBorders http://t.co/mNolwmcvQ9		]]></document>
	<document><![CDATA[Word of the day: convival. I love my #rand!		]]></document>
	<document><![CDATA[An interesting and very relevant read: http://t.co/SiThb78btu		]]></document>
	<document><![CDATA[I've actually just had to deal with this question: "Dutchland isnt the same as saying germany?" #omg		]]></document>
	<document><![CDATA[@username Life's too short for ironing. I recommend irony instead. @username @username @username		]]></document>
	<document><![CDATA[The Guardian. http://t.co/mu5AtDW9Yx		]]></document>
	<document><![CDATA[I <3 Tabor. http://t.co/fxVm2NLtY9		]]></document>
	<document><![CDATA[@username @username @username @username @username lots of ideas for some cool workshops next season!		]]></document>
	<document><![CDATA[The Translation in Transition 2015 Conference invites submissions: http://t.co/liluKX7zZQ		]]></document>
	<document><![CDATA[@username need to change my research area. all my meetings seem to be in frankfurt these days, argentina sounds much more appealing:)		]]></document>
	<document><![CDATA[@username labour day&night :)		]]></document>
	<document><![CDATA[So, spam has decided to play the flatter note: "Dear Director," #StillFail		]]></document>
	<document><![CDATA[@username Too many cooks...		]]></document>
	<document><![CDATA[@username Sown on Int. Sunflower Guerrilla Gardening Day in Ljubljana, Slovenia and have turned a couple of heads. http://t.co/sQZsJXxju9		]]></document>
	<document><![CDATA[The end is nigh. http://t.co/vqsQkq492l		]]></document>
	<document><![CDATA[the highlight of a working saturday: "The ubercool morphology of Internet gamers: A linguistic analysis"		]]></document>
	<document><![CDATA[Why Slovene Houses Look The Way They Do by Polonca Lovšin: https://t.co/fggmNEH8nw @username		]]></document>
	<document><![CDATA[Just booked tickets for a trip to Sri Lanka with my parents. Boy, I'm old!		]]></document>
	<document><![CDATA[office dynamics http://t.co/6GiLc7viJj		]]></document>
	<document><![CDATA[One of my favourite linguists on one of my favourite topic - food. What more could you ask for. http://t.co/YDdIfmPvmr		]]></document>
	<document><![CDATA[Back to the roots http://t.co/KQcOHtG0DB		]]></document>
	<document><![CDATA[@username Mal scary.		]]></document>
	<document><![CDATA[If programming languages were vehicles: http://t.co/BnB7uTwm1s		]]></document>
	<document><![CDATA[@username Everyone's helping out with paperwork! http://t.co/2RuLawpRvL		]]></document>
	<document><![CDATA[Boljšga CFP pa še ne: The 3rd Virtual International Conference on Advanced Research in Scientific Areas		]]></document>
	<document><![CDATA[Not a unicorn but that’s ok. http://t.co/rIIR4WE1Ql		]]></document>
	<document><![CDATA[Guerilla gardeners of all generations in #ljubljana #slovenia @username @username http://t.co/UrcZOu6qhN		]]></document>
	<document><![CDATA[Academia meet guerilla gardeners to learn from their experience in #ljubljana #slovenia @username @username http://t.co/fVhZpXgfRS		]]></document>
	<document><![CDATA[I swear to god this is a true email: "Ponudba Corleone. Ponudba, ki je ne morete zavrniti." #SpamIsFun		]]></document>
	<document><![CDATA[Auntie of the year goes to … not me. #blades #toddlers #strike3 http://t.co/4LUG4KiDd1		]]></document>
	<document><![CDATA[i want a job like this http://t.co/kJiOk0kuqZ		]]></document>
	<document><![CDATA[Al fresco dining. #balcony #goodbyesummer http://t.co/Okf8y3I0Q3		]]></document>
	<document><![CDATA[#gardening101: "Preserving basil is easy and can be achieved through many methods, including air drying (much like cannabis)."		]]></document>
	<document><![CDATA[Excited to be invited: http://t.co/6IXU5k4ELL		]]></document>
	<document><![CDATA[@username speechrecognition&translectures platform na hitro zgleda, da sta open source: https://t.co/lb0M05yD39  @username @username		]]></document>
	<document><![CDATA[Ugani, kje sem:) "Enjoy the lovely view from the artificial hill."		]]></document>
	<document><![CDATA[Dutch bitter balls, anyone? #LostInTranslation http://t.co/Np6QOMB2g7		]]></document>
	<document><![CDATA[Anything not to be missed happening in #Brussels this weekend?		]]></document>
	<document><![CDATA[#MT@username at the European Commission. Great event, congrats to the organizers! http://t.co/VIFEOL2Fb2		]]></document>
	<document><![CDATA[@username tokrat bolj službene teme, machine translation & post-editing :)		]]></document>
	<document><![CDATA[True that! #MT@username http://t.co/yiGZnByZ3h		]]></document>
	<document><![CDATA[The flight is delayed but nobody seems to mind. #BrusselsAirport http://t.co/u05MjYqbxt		]]></document>
	<document><![CDATA[Don't ask what your country can do for you, ask what you can do for your country. #BorutovKoledar		]]></document>
	<document><![CDATA[Why.https://t.co/kkHzXnUslo		]]></document>
	<document><![CDATA[I love this. http://t.co/LqMDpCCTAz		]]></document>
	<document><![CDATA[A perfect night for sope making. #dyi		]]></document>
	<document><![CDATA[Can you recommend any nice and inspiring urban/community/container gardening projects/initiatives/corners to visit in Paris?		]]></document>
	<document><![CDATA[Satire is Dead :[ #ParisShooting		]]></document>
	<document><![CDATA[@username False alarm!		]]></document>
	<document><![CDATA[Linguists should be doing linguistics, not watching terrorists :/ #paris #vincennes http://t.co/wWmq8R7YHC		]]></document>
	<document><![CDATA[#paris is tired tonight. http://t.co/dONe75rNtW		]]></document>
	<document><![CDATA[Don't miss #CFP for Student Session at #ESSLLI. Proceedings published by Springer & Best Paper Award: http://t.co/RK0QFAcDlh #sdjt		]]></document>
	<document><![CDATA[She means well but she doesn't wear deodorant.		]]></document>
	<document><![CDATA[knock knock. who's there. the super awesome, coolest ever @username! @username		]]></document>
	<document><![CDATA[Happy maps, must watch! @username @username http://t.co/fvmTYGbRAW		]]></document>
	<document><![CDATA[Happy maps, must watch! @username @username http://t.co/fvmTYGbRAW		]]></document>
	<document><![CDATA[@username Thank you! Whenever I pick the longer but prettier route many think I'm geo-illiterate. Because of you I feel less bonkers:)		]]></document>
	<document><![CDATA[Or you can come over to my place: http://t.co/Lf6vQgm3UN		]]></document>
	<document><![CDATA[Every day is not a gift. #SimpleTruths		]]></document>
	<document><![CDATA[Half a year into a 3-year project already deep into an application for another one. This should be Work Package No. 1, come to think of it.		]]></document>
	<document><![CDATA[Linguistics, the big picture: http://t.co/JsmfUiOVOl #sdjt #linguistics #cfp		]]></document>
	<document><![CDATA[Today's windowsill harvest http://t.co/rHA5f9yAQ8		]]></document>
	<document><![CDATA[There's jet-lagged and there's fall-asleep-half-way-through-bikini-wax jet-lagged.		]]></document>
	<document><![CDATA[This is for real. #unawatuna #srilanka http://t.co/QGvv6uWn8F		]]></document>
	<document><![CDATA[Word of the week: #SkinTax (nobody in #SriLanka wants you to go shopping with them because your white complexion causes the prices to soar)		]]></document>
</author>