<?xml version="1.0" encoding="UTF-8" standalone="no"?><author id="d7f46166-6a9a-4b2c-8560-04e27d2ea14d" lang="en">
	<document><![CDATA[@username @username  @username @username Deeno keeps asking where y'all are-I offered to take/send pic- YES!! http://t.co/OaSzx6eS8Q		]]></document>
	<document><![CDATA[SOMEBODY was sitting in your chair trying to understand how her Papaw @username could be at Work AND School!-Confusing http://t.co/CR8JrK6lFA		]]></document>
	<document><![CDATA[@username Knoxville with @username walking around downtown- couldn't resist- this made us think of you! http://t.co/tv6vUWuqhx		]]></document>
	<document><![CDATA[Amazing news article today-HHS- 80 current IB students? International recognition? @username #GoBurros http://t.co/Blg0SL8MJ5 via @username		]]></document>
	<document><![CDATA[@username Nat.News-"Top 10 Fish To Eat For Good Health"-#1 FRESH CATFISH -I thought you just loved to fish-didn't know it was for health!		]]></document>
	<document><![CDATA[@username @username  Please go visit your Aunt @username while you are there!!!		]]></document>
	<document><![CDATA[@username @username Embarrassing! BUT-I've told you for years -HEAR WHAT I MEAN, NOT WHAT I SAY! Afraid that won't be getting better w/age!		]]></document>
	<document><![CDATA[Psalm 130:4 With You, God, there is COMPLETE FORGIVENESS, so that we can, with reverence and fear, SERVE YOU.      (<3 the order of these 2)		]]></document>
	<document><![CDATA[@username IDK,but I'm SURE you'll make me watch it!! In 25 yrs-never seen you get into a show like this! (just pls don't ever break bad, T! )		]]></document>
	<document><![CDATA[@username Your soul????  You should totally get one though, if you're feeling tired :)		]]></document>
	<document><![CDATA[@username  I think you are right!!!  Time to GIVE UP, girl & make another plan!!!  Maybe a nun?  A scientist living alone in Alaska?		]]></document>
	<document><![CDATA[This is how we roll.  @username  @username @username @username @username #Weekend #Nick&Nicole http://t.co/9ZEAT5xqmx		]]></document>
	<document><![CDATA[Thadd Little FloPosition 1 | Work FLO | Flowrestling http://t.co/muvUgVBg87 via @username		]]></document>
	<document><![CDATA[Papaw & Caden ready for HHS FOOTBALL!!!!  She is choosing to be much more involved in her image lately :) @username http://t.co/LJHLhILX1S		]]></document>
	<document><![CDATA[@username @username Come on, BShrade!!  You'll be leaving for college soon - and THESE are the things you will miss!  Did I say ilu?		]]></document>
	<document><![CDATA[@username @username You owe me one, Cam!		]]></document>
	<document><![CDATA[Welcome to High School. Simple ways to be successful!! http://t.co/pPRvQheKRO @username @username @username @username		]]></document>
	<document><![CDATA[#FHSwrestling - happy homecoming_ selling burgers, hot dogs and Popsicles by Wrestling room!!!!  Hurry!!! http://t.co/2zmy5Eo82U		]]></document>
	<document><![CDATA[Do work, JB!  You guys are awesome.  @username #UTCWRESTLING #CHATTANOOGASTRONG http://t.co/MqrffQdp1g		]]></document>
	<document><![CDATA[@username I've known you quite a few years - I missed the part where you needed to be taught this!!!  Pretty sure you were BORN w/it!		]]></document>
	<document><![CDATA[@username @username -SO HAPPY you had "the best day of life" today!  I love you - Aunt B.		]]></document>
	<document><![CDATA[@username FRANKLIN HIGH Wrestling 2013 H.C.Parade - @username Do you ever miss it? No worries-J's representing! http://t.co/a6vJ4fMdNf		]]></document>
	<document><![CDATA[#TBT @username @username So cute!!  @username @username @username Woody-you know you love it! Fun Times! http://t.co/bj8bfLPUGy		]]></document>
	<document><![CDATA[@username - Meet me there in a few....  @username		]]></document>
	<document><![CDATA[@username You got a FEW spankings & threw away participation trophies & REFUSED snack/drink- win OR lose-if team played badly,  at 5 yrs!		]]></document>
	<document><![CDATA[@username If you get this - will you bring some laundry detergent with you?!  (Dropped my Iphone and it died- sry to air our dirty laundry)		]]></document>
	<document><![CDATA[@username @username @username @username @username @username @username @username @username BELIEVE WHAT IS TRUTH! <3		]]></document>
	<document><![CDATA[@username @username Jack!-I AM BEGGING U -TELL ME THIS IS A LIE FROM THE DEVIL! If true, does it mean @username doesn't really exist?!		]]></document>
	<document><![CDATA[GO MOCS!! Wrestling - Schedule - University of Tennessee at Chattanooga Official Athletics Site: http://t.co/gItsIl3CvR		]]></document>
	<document><![CDATA[Current school system is failing boys - how to re-engage them in learning - TED video http://t.co/Jo7EoAshi3		]]></document>
	<document><![CDATA[@username - for you to share with your proud Ole Miss alumni pal.  http://t.co/T1fffsy63F		]]></document>
	<document><![CDATA["@username: Love seeing my family- having them here to watch me wrestle was awesome @username @username have a safe trip back home"		]]></document>
	<document><![CDATA[@username @username @username @username Happy Halloween, Chief!  (Sry your mom was such a nerd) http://t.co/V8VVxTA43y		]]></document>
	<document><![CDATA[@username Don't know Jake -but sure we r fans if you u r!  We love u- send forms ASAP-2 coolest members ever http://t.co/GRVbzSAWuJ		]]></document>
	<document><![CDATA[@username I had 99 problems, then against my will-Spotify.  As you continually look to me me to guide you in coolness-Spotify. bam AB		]]></document>
	<document><![CDATA[@username @username @username   I am fixing up our spare room for you-100% agree- no bf now?  No BF EVER! #GirlLogic A.B.		]]></document>
	<document><![CDATA[@username @username Sounds like he's heard some good coaching -Congrat to you Both for winning Sat tournies! http://t.co/udDC2XISGK		]]></document>
	<document><![CDATA[“@username: At 184 Shrader of Chatt wins by decision 5-3. UTC leads 32-3.”		]]></document>
	<document><![CDATA[@username This is similar to decision-making skills you will need as a PA soon.... saving a life?....painting nails?..this is good practice		]]></document>
	<document><![CDATA[@username HEY, you are DUSTIN ORTIZ - - -  If you don't like it - MAKE IT STOP!!		]]></document>
	<document><![CDATA[@username Good plan.  You look good in orange and your friends could come visit you on the weekends!!!		]]></document>
	<document><![CDATA[J making me watch #ThePurge then criticizing me for doing planks &push-ups to deal with stress! @username @username @username #mom		]]></document>
	<document><![CDATA[“@username: 111,111,111 x 111,111,111 = 12,345,678,987,654,321” @username - I love math!  Is this true?		]]></document>
	<document><![CDATA[Headed to  @username for 5pm Trimatch @username  @username @username - GO REBELS!!!! Cheering for all Rebs-esp. @username		]]></document>
	<document><![CDATA[BBC News - South Sudan fighting spreads after 'coup attempt' http://t.co/YxOLoMm6cQ		]]></document>
	<document><![CDATA[@username awesome big brother, friend, mentor and coach..... @username great little brother, coachable wrestler and all-around beast.		]]></document>
	<document><![CDATA[@username Do you know your mom is a teacher??  That aside- you are SO RIGHT! I still remember that!!!		]]></document>
	<document><![CDATA[@username @username @username @username -TS, check out this high school's Twitter Account story-Awesome! http://t.co/GXV3k6Zt93		]]></document>
	<document><![CDATA[@username Do you and your peeps even LOOK at FB anymore? They just refunded my $ for your Bday gift b/c you never looked at it :(		]]></document>
	<document><![CDATA[Shout Out! Jack_shrade for just winning the 2014  FRESHMAN GRAND  CHAMPIONSHIP at #113 - GO, JACK!  @username @username @username		]]></document>
	<document><![CDATA[@username SO needed this tonight - thanks!		]]></document>
	<document><![CDATA[Niko Brown makes transition to UTC wrestling coach | Times Free Press http://t.co/Uc2rMhwkLX  @username -Yay for you and YAY for the MOCS		]]></document>
	<document><![CDATA[@username Making me laugh to see your tweet from 21 hours ago!  I bet you aren't bored today, Hot Shot!!  Congrats on a great first year!		]]></document>
	<document><![CDATA[The Curiosity Collective: Is There a God? http://t.co/fgHPZ9KEhq via @username @username 1st guy explains w/science like u do-I like it.		]]></document>
	<document><![CDATA[@username @username - Will this change Shark Week for you this year???		]]></document>
	<document><![CDATA[@username Are you sure he didn't mean YOU? Did he at least include you? If not, why not???  You look SUPER COOL in your pic- his loss		]]></document>
	<document><![CDATA[Hillsboro H.S. principal wins prestigious award http://t.co/M0aUV4QboS via @username @username @username @username @username		]]></document>
	<document><![CDATA[@username Were you really getting work done before????		]]></document>
	<document><![CDATA[@username  Education is overrated.  Relax.		]]></document>
	<document><![CDATA[@username @username  That is the STINK EYE!!!!!  You best not be jackin' her swag anymore!!!		]]></document>
	<document><![CDATA[@username @username  KNEW IT!  IT WAS ALL YOU, MR DOOLEY!!!!  SO HAPPY FOR YOU AND MOM AND DAD!!!!!		]]></document>
	<document><![CDATA[@username  @username @username - Pockie and George Washington - - they cannot tell a lie, even a child may be scarred for life now!!		]]></document>
	<document><![CDATA[@username  Your granddaughter is cute, cute, CUTE, just an ANGEL!!!!!!!  Even though she gets it from me - still nice for you, right?		]]></document>
	<document><![CDATA[Everywhere You Go - ALARM in South Sudan: http://t.co/fJYIsfqJ6q via @username @username - Your man, James Baak w/report- hard times in S.S.		]]></document>
	<document><![CDATA[#tbt 2012 @username won state-saw @username during celebrations-face told 100%HE WOULD DO THAT-#DecisionMade http://t.co/xV3ecL1TiJ		]]></document>
	<document><![CDATA[@username Way to keep your head about you, Dustin - remember where you came from-- and  then -GO BE A CHAMPION!		]]></document>
	<document><![CDATA[@username @username @username @username  CONGRATS, Mr. Navarro. Happy for you -they tell me HARD WORK WORKS-grt weekend!		]]></document>
	<document><![CDATA[@username YES! I am sickened by #Benghazi Incident - That is NOT OUR USA-We do NOT leave our men behind! WHO DID THIS? #hillary2016 ??????		]]></document>
	<document><![CDATA[@username -nephew @username -pal,  2 biggest UTK fans I know! - thought you should meet/follow-WARNING-you both go a bit crazy every fall		]]></document>
	<document><![CDATA[@username @username Dustin Ortiz is The MAN! -watch out! (Now I have to order UFC FIGHT PASS!-- So Worth it!) #12 and moving up!		]]></document>
	<document><![CDATA[@username @username - It's Great To Be A Tennessee Volunteer! We 3 love our Big Orange Football!!!  See you at UT opening season game 2014!		]]></document>
	<document><![CDATA[@username That's a plethora of happiness but there are more!!!!  Believe me… there are always more!!  (Haven't even started with Carters)		]]></document>
	<document><![CDATA[@username  I love you, Pammy!!!!  It's ok - you don't have to say it back….. I already know <3		]]></document>
	<document><![CDATA[@username @username @username - Congrats, Cougars!!!!!!!		]]></document>
	<document><![CDATA[@username  You are toooooooo funny for your own good!!!!!!!		]]></document>
	<document><![CDATA[@username Love your attitude!  From, "I AM the best wrestler in the country" when asked about JB to this --- You ARE a #TrueWrestler		]]></document>
	<document><![CDATA[Enjoyed each min w/ @username quick break from @username for #FriedChicken-HappyBday, JB!  @username & I <3 JB! http://t.co/ffMzXwOCOI		]]></document>
	<document><![CDATA[Happy Birthday,Sweet JohnnyBoy!!!-miss you-and so proud you are truly #ChattanoogaStrong  dj http://t.co/ML9g6L7qvj http://t.co/bgiPpgATsC		]]></document>
	<document><![CDATA[tshrade1's photo http://t.co/DEqFqejFA3   AN ANGEL & A GREAT-GRAND=TRUE LOVE!! @username @username @username @username @username  <3		]]></document>
	<document><![CDATA[GREAT question for the "BAD" things in my life -  "What does this experience make possible?"  @username		]]></document>
	<document><![CDATA[Aristotle Quotes - BrainyQuote http://t.co/pbwRphYzJa via @username		]]></document>
	<document><![CDATA[@username FANTASTIC DAY with @username & family @username today getting to share in FIELD AWARD celebration! http://t.co/hmP41WHw9s		]]></document>
	<document><![CDATA[@username -dinner with @username last night-told us you made strong run at #USOpen-GoodJob-Coach Brown!  Proud of you-what a cool exp.		]]></document>
	<document><![CDATA[@username @username AMEN! Work that boy hard &Get him #ChattanoogaStrong!  I believe in him and all our @username Men!		]]></document>
	<document><![CDATA[@username 04/23/2014 –GRT INTERVIEW!  "IF YOU DON'T KNOW WHO HE IS-"PAY ATTENTION!!"   #BEAST! http://t.co/wfJzQnZw7g via @username		]]></document>
	<document><![CDATA[@username @username  Dont hate!!!!!  He's workin' it!		]]></document>
	<document><![CDATA[5 Hardest Sports to Train & Compete In http://t.co/2MfE0gF3Sr via @username @username @username - JLS-You are a beast at 2 of them!		]]></document>
	<document><![CDATA[South Sudan leaders reach ceasefire - The Hindu http://t.co/zyLzvb6S1q		]]></document>
	<document><![CDATA[@username -Time to come see ME for some REAL fun!  We're alike, they say-wide open and no fear!  I <3 Uncle Johnny http://t.co/k7cQhp7ER1		]]></document>
	<document><![CDATA[@username WE MISS YOU!! @username CAMP-heard from your bro you're working hard and getting better every day! : http://t.co/EwNWOZ0Qjg		]]></document>
	<document><![CDATA[@username @username I'm not really proud of this... but I find this to be 1 of the best/funniest tweets of the year!		]]></document>
	<document><![CDATA[@username In my head- I just totally photo-shopped your head on this guy and now I wanna party toooooo!		]]></document>
	<document><![CDATA[@username No Apology needed! I am the one who called T-asked him to FIND you fast-100% SURE you had no idea& I knew you'd want gone!!		]]></document>
	<document><![CDATA[@username @username -our fam does NOT hate soccer-but her telling what makes something a "sport" 100% HAD to be written by @username		]]></document>
	<document><![CDATA[@username As mom of 1 of those 800-THANK YOU-HE SAYS IT WAS AWESOME!  You guys do an incredible job - see you June 2015!  (too soon?)		]]></document>
	<document><![CDATA[@username @username I am told by Coach @username that he did transfer to Chattanooga!!		]]></document>
	<document><![CDATA[The Chart http://t.co/UmoJIMfqPl		]]></document>
	<document><![CDATA[@username  "If sick in JULY-Treat new Interns w/respect & patience, then check w/ your nurse to be sure they are doing the right thing!"		]]></document>
	<document><![CDATA[@username @username As I was reading this-I panicked!-L JUST got her leg healed!  Why would she jump off a car??  #NotProudOfIt		]]></document>
	<document><![CDATA[#TBT 2011 when John still often tried to explain to the Refs what REALLY just happened! No! ok- #HeresWhatHappened http://t.co/RFhw3a818T		]]></document>
</author>