<?xml version="1.0" encoding="UTF-8" standalone="no"?><author id="efb846b2-986a-43ae-8b9b-d811f93b52fd" lang="en">
	<document><![CDATA[my new blog (on @username, so follow me) has a domain a lot simpler of the previous one: http://t.co/GMtVihTPvN		]]></document>
	<document><![CDATA[extremely impressive animated typeface by 1 type designer &amp; 110 animators @username http://t.co/sqnViank5L		]]></document>
	<document><![CDATA[a new mecca for hipsters girls: http://t.co/8QNsr6sL7u		]]></document>
	<document><![CDATA[an animation project by @username, "The Pantheon": http://t.co/FG1G6jhmLi		]]></document>
	<document><![CDATA[new post, "Thelma & Luigi":  http://t.co/w2hgRN7Xcb		]]></document>
	<document><![CDATA[@username e' come l'"intersection between art and technology": ipotizzo "t"		]]></document>
	<document><![CDATA[you can vote here for "Get Winter Ready" as @username @username's 'Cutting Edge Project of the Year': http://t.co/AGEpBD0LeB … Thank you!		]]></document>
	<document><![CDATA["Avis: The Professionals" is @username Mobile of the Day: http://t.co/S4WHtz5J3L Vroommmmm!		]]></document>
	<document><![CDATA[only two days left https://t.co/lPMJijR9dT		]]></document>
	<document><![CDATA[finally a good article about an unexplored world: http://t.co/iBVzEcM7df		]]></document>
	<document><![CDATA[new post, "B<<<o>>>mb": http://t.co/sX9VGZMeYN		]]></document>
	<document><![CDATA[Paths of Glory Holes #AddaWordRuinaMovie		]]></document>
	<document><![CDATA[i've been searching this for years: http://t.co/VPjWcRhkfz		]]></document>
	<document><![CDATA[In the hell's velodrome http://t.co/8CgXBlHJQ9		]]></document>
	<document><![CDATA[after the 'pilot' of last spring, "The Pandorialist" is ready to start: http://t.co/i0zNBcoB7x		]]></document>
	<document><![CDATA[I start t cross the street, I see A. Van Helden: "Are you A.V.H.?""Yes""See you in the future!" I finish crossing the street. @username		]]></document>
	<document><![CDATA[the @username Weekly app, handcrafted at @username labs, is ready for download: https://t.co/cWNWmrgMeK		]]></document>
	<document><![CDATA[a collaboration between @username and @username, with Darren in 'real' dresses : http://t.co/JiXU20unyz		]]></document>
	<document><![CDATA[all your base are belong to us: http://t.co/8zGIT5ieif		]]></document>
	<document><![CDATA[The Art of rendering: http://t.co/Gdo4D2SGxI		]]></document>
	<document><![CDATA[i wish i could see it again in Union Square: https://t.co/xI65SKBtT5		]]></document>
	<document><![CDATA[#dumbo @username Dumbo Waterfront (10 Jay Street) http://t.co/FJC1NMPVgm		]]></document>
	<document><![CDATA[ehhh, Sorrentino. #GoldenGlobes		]]></document>
	<document><![CDATA["Race The Sun" is the @username @username Cutting Edge Project of Week: http://t.co/djkRMHeRjn :-)		]]></document>
	<document><![CDATA[one of best stories ever: http://t.co/Ucpum3fVEU		]]></document>
	<document><![CDATA[DevArt, a @username LDN and Google project, is @username SOTD: http://t.co/rfOxoyusWd		]]></document>
	<document><![CDATA[they should reconsider the idea of a Venice in the Upper Bay: http://t.co/7Vu6RUOzOn		]]></document>
	<document><![CDATA[I have found this sort of synopsis for a movie in the street: i would give a chance to the author only… http://t.co/vyMBOdk62W		]]></document>
	<document><![CDATA[A Behind-The-Scenes Look At The Chilling Opening Credits Of "True Detective" By @username http://t.co/kJsq2Ajgbs via @username		]]></document>
	<document><![CDATA[The Reaction GIF installation at my lovely Museum of The Moving Image http://t.co/icrUnRD7JY		]]></document>
	<document><![CDATA[in news: my animated 'fashion blog' The Pandorialist (http://t.co/4Rr6wY8ZAF) received yesterday an Official Honoree from @username :)		]]></document>
	<document><![CDATA[Just posted a photo @username Bushwick http://t.co/xScsnlNyq5		]]></document>
	<document><![CDATA[B3ars on stairs: https://t.co/PKkrzblchq		]]></document>
	<document><![CDATA[@username the only way is to add a small logo in the bottom part :-/		]]></document>
	<document><![CDATA[Social Soundscape, collaboration between @username , @username and @username, is @username MOTD: http://t.co/Hw1s7EFS6z  ;-)		]]></document>
	<document><![CDATA[i went to David @username 's interview at @username. One word: textures		]]></document>
	<document><![CDATA[paypal went flat: http://t.co/CM1PzGMOU9		]]></document>
	<document><![CDATA["7 – Are the winged birds final, or placeholder?" http://t.co/ODg8ZE82LI		]]></document>
	<document><![CDATA[2 days ago Social Soundscape, collaboration between @username , @username and @username, was @username SOTD: http://t.co/xJpgbPFlw5		]]></document>
	<document><![CDATA[@username i told you it was going to rain, the rheumatisms are always right		]]></document>
	<document><![CDATA[Social Soundscape is @username @username's Cutting Edge Project of the Week: http://t.co/UzLbxJ7ejN		]]></document>
	<document><![CDATA[best surprise ever from @username: an original Ciao from 1990 :'-) http://t.co/8rE90KnwL7		]]></document>
	<document><![CDATA["I don't know if you've seen this artist called Cyriak" - I'm having a headache http://t.co/NIUhKhGajF		]]></document>
	<document><![CDATA[I have been Michael, Malcolm, Marko, Mario - but now an exciting new entry http://t.co/x5EM1nH4Eu		]]></document>
	<document><![CDATA[4 Flying Lotus Animation Epics To Celebrate His Mind-Melting New LP Teaser | The Creators Project http://t.co/nMzKC0M3cD  @username		]]></document>
	<document><![CDATA[Today is World Humanitarian Day - meet #humanitarianheroes & sign up to support them: http://t.co/3XvfTKtBDQ  #WHD2014		]]></document>
	<document><![CDATA[I just downloaded @username: my username is ???????????????????????????? What's yours?		]]></document>
	<document><![CDATA[First conversation with @username using @username http://t.co/nOvUPko6d5		]]></document>
	<document><![CDATA[basically the story behind my Michael, Malcolm, Marko and the new entry Matro: https://t.co/M5fQKcaV5F		]]></document>
	<document><![CDATA[about that time I went to the Aphex Twin’s Syro Listening Opportunity: http://t.co/jykhVupfPv		]]></document>
	<document><![CDATA[the second Storytelling di Copertina: @username by @username , @username and me -> http://t.co/Fj6COI9LeE		]]></document>
	<document><![CDATA[the mistery of the Dumbo's '60s film set is solved: http://t.co/MNbF0kO5qP		]]></document>
	<document><![CDATA[new post: J?????ff!!!! http://t.co/xqhofANF7o		]]></document>
	<document><![CDATA[Hats off   “@username: Guy wins competition to name new leisure centre in Selby. http://t.co/NPNjaWgA53”		]]></document>
	<document><![CDATA[this designoser: http://t.co/zJN49i40QF reminds me a project of that genius of @username : http://t.co/DPkY2LbPCv		]]></document>
	<document><![CDATA[@username @username nothing like: https://t.co/62VKV7V1cL		]]></document>
	<document><![CDATA[@username @username Chair sitting. Reinvented.		]]></document>
	<document><![CDATA[fantastic: "At last, my new timelapse video is online! Have fun! :D
Scene #13: "The Toy Maker" @username #pixelart
http://t.co/Et6eQwRor9 "		]]></document>
	<document><![CDATA[the awesome new http://t.co/NHHRXUXpnR, by @username LDN and @username		]]></document>
	<document><![CDATA[Presentation Hero Academy: http://t.co/jd4v70vSYT by the always brilliant @username		]]></document>
	<document><![CDATA[@username i would definitely recommend it :-)		]]></document>
	<document><![CDATA[is there something better to listen in this rainy day than the @username 's Longest Mixtape? http://t.co/3F8yAGGzmv		]]></document>
	<document><![CDATA[I thought that "Matro" was hard to  overcome, but. http://t.co/trOWAVyYqG		]]></document>
	<document><![CDATA[an interview to @username, that is like "MTV back when it was MTV": http://t.co/f9zvwGbZ04		]]></document>
	<document><![CDATA[Two days ago, small #louisck, big laughters http://t.co/mb4T0ZBh5N		]]></document>
</author>